RELAX,0.12996172904968262,2.7072537541947348e-08,2.7072537541947348e-08,2.7072537541947348e-08,2.7072537541947348e-08,2.7072537541947348e-08,2.7072537541947348e-08,2.7072537541947348e-08,2.7072537541947348e-08
RELAX,0.1918807029724121,2.7072537541947348e-08,2.7072537541947348e-08,2.7072537541947348e-08,2.7072537541947348e-08,2.7072537541947348e-08,2.7072537541947348e-08,2.7072537541947348e-08,2.7072537541947348e-08
RELAX,0.2568175792694092,2.7072537541947348e-08,2.7072537541947348e-08,2.7072537541947348e-08,2.7072537541947348e-08,2.7072537541947348e-08,2.7072537541947348e-08,2.7072537541947348e-08,2.7072537541947348e-08
RELAX,0.31667375564575195,2.7072537541947348e-08,2.7072537541947348e-08,2.7072537541947348e-08,2.7072537541947348e-08,2.7072537541947348e-08,2.7072537541947348e-08,2.7072537541947348e-08,2.7072537541947348e-08
RELAX,0.3785064220428467,2.7072537541947348e-08,2.7072537541947348e-08,2.7072537541947348e-08,2.7072537541947348e-08,2.7072537541947348e-08,2.7072537541947348e-08,2.7072537541947348e-08,2.7072537541947348e-08
RELAX,0.44394540786743164,2.7072537541947348e-08,2.7072537541947348e-08,2.7072537541947348e-08,2.7072537541947348e-08,2.7072537541947348e-08,2.7072537541947348e-08,2.7072537541947348e-08,2.7072537541947348e-08
RELAX,0.502439022064209,2.7072537541947348e-08,2.7072537541947348e-08,2.7072537541947348e-08,2.7072537541947348e-08,2.7072537541947348e-08,2.7072537541947348e-08,2.7072537541947348e-08,2.7072537541947348e-08
RELAX,0.5661158561706543,2.7072537541947348e-08,2.7072537541947348e-08,2.7072537541947348e-08,2.7072537541947348e-08,2.7072537541947348e-08,2.7072537541947348e-08,2.7072537541947348e-08,2.7072537541947348e-08
RELAX,0.6317336559295654,4868.198928396888,608.0074879957774,608.0074879957774,608.0074879957774,608.0074879957774,608.0074879957774,608.0074879957774,608.0074879957774
RELAX,0.6917200088500977,4868.198928396888,608.0074879957774,608.0074879957774,608.0074879957774,608.0074879957774,608.0074879957774,608.0074879957774,608.0074879957774
RELAX,0.752589225769043,4868.198928396888,608.0074879957774,608.0074879957774,608.0074879957774,608.0074879957774,608.0074879957774,608.0074879957774,608.0074879957774
RELAX,0.8170905113220215,4868.198928396888,608.0074879957774,608.0074879957774,608.0074879957774,608.0074879957774,608.0074879957774,608.0074879957774,608.0074879957774
RELAX,0.8813326358795166,4868.198928396888,608.0074879957774,608.0074879957774,608.0074879957774,608.0074879957774,608.0074879957774,608.0074879957774,608.0074879957774
RELAX,0.9393479824066162,4868.198928396888,608.0074879957774,608.0074879957774,608.0074879957774,608.0074879957774,608.0074879957774,608.0074879957774,608.0074879957774
RELAX,1.0037949085235596,4868.198928396888,608.0074879957774,608.0074879957774,608.0074879957774,608.0074879957774,608.0074879957774,608.0074879957774,608.0074879957774
RELAX,1.0680875778198242,4868.198928396888,608.0074879957774,608.0074879957774,608.0074879957774,608.0074879957774,608.0074879957774,608.0074879957774,608.0074879957774
RELAX,1.1288065910339355,1143.309439795462,194.8713456559972,194.8713456559972,194.8713456559972,194.8713456559972,194.8713456559972,194.8713456559972,194.8713456559972
RELAX,1.1916377544403076,1143.309439795462,194.8713456559972,194.8713456559972,194.8713456559972,194.8713456559972,194.8713456559972,194.8713456559972,194.8713456559972
RELAX,1.2536945343017578,1143.309439795462,194.8713456559972,194.8713456559972,194.8713456559972,194.8713456559972,194.8713456559972,194.8713456559972,194.8713456559972
RELAX,1.3175499439239502,1143.309439795462,194.8713456559972,194.8713456559972,194.8713456559972,194.8713456559972,194.8713456559972,194.8713456559972,194.8713456559972
RELAX,1.3808259963989258,1143.309439795462,194.8713456559972,194.8713456559972,194.8713456559972,194.8713456559972,194.8713456559972,194.8713456559972,194.8713456559972
RELAX,1.4440135955810547,1143.309439795462,194.8713456559972,194.8713456559972,194.8713456559972,194.8713456559972,194.8713456559972,194.8713456559972,194.8713456559972
RELAX,1.5040335655212402,1143.309439795462,194.8713456559972,194.8713456559972,194.8713456559972,194.8713456559972,194.8713456559972,194.8713456559972,194.8713456559972
RELAX,1.5689785480499268,131.6654628735053,57.490368211166874,57.490368211166874,57.490368211166874,57.490368211166874,57.490368211166874,57.490368211166874,57.490368211166874
RELAX,1.6274323463439941,131.6654628735053,57.490368211166874,57.490368211166874,57.490368211166874,57.490368211166874,57.490368211166874,57.490368211166874,57.490368211166874
RELAX,1.6922690868377686,131.6654628735053,57.490368211166874,57.490368211166874,57.490368211166874,57.490368211166874,57.490368211166874,57.490368211166874,57.490368211166874
RELAX,1.755584478378296,131.6654628735053,57.490368211166874,57.490368211166874,57.490368211166874,57.490368211166874,57.490368211166874,57.490368211166874,57.490368211166874
RELAX,1.8181686401367188,131.6654628735053,57.490368211166874,57.490368211166874,57.490368211166874,57.490368211166874,57.490368211166874,57.490368211166874,57.490368211166874
RELAX,1.8798532485961914,131.6654628735053,57.490368211166874,57.490368211166874,57.490368211166874,57.490368211166874,57.490368211166874,57.490368211166874,57.490368211166874
RELAX,1.9427719116210938,131.6654628735053,57.490368211166874,57.490368211166874,57.490368211166874,57.490368211166874,57.490368211166874,57.490368211166874,57.490368211166874
RELAX,2.006082534790039,131.6654628735053,57.490368211166874,57.490368211166874,57.490368211166874,57.490368211166874,57.490368211166874,57.490368211166874,57.490368211166874
RELAX,2.0679216384887695,147.76329889340417,5.186169393581298,5.186169393581298,5.186169393581298,5.186169393581298,5.186169393581298,5.186169393581298,5.186169393581298
RELAX,2.134160280227661,147.76329889340417,5.186169393581298,5.186169393581298,5.186169393581298,5.186169393581298,5.186169393581298,5.186169393581298,5.186169393581298
RELAX,2.1921327114105225,147.76329889340417,5.186169393581298,5.186169393581298,5.186169393581298,5.186169393581298,5.186169393581298,5.186169393581298,5.186169393581298
RELAX,2.2556846141815186,147.76329889340417,5.186169393581298,5.186169393581298,5.186169393581298,5.186169393581298,5.186169393581298,5.186169393581298,5.186169393581298
RELAX,2.3160316944122314,147.76329889340417,5.186169393581298,5.186169393581298,5.186169393581298,5.186169393581298,5.186169393581298,5.186169393581298,5.186169393581298
RELAX,2.3790135383605957,147.76329889340417,5.186169393581298,5.186169393581298,5.186169393581298,5.186169393581298,5.186169393581298,5.186169393581298,5.186169393581298
RELAX,2.4422686100006104,147.76329889340417,5.186169393581298,5.186169393581298,5.186169393581298,5.186169393581298,5.186169393581298,5.186169393581298,5.186169393581298
RELAX,2.504807472229004,147.76329889340417,5.186169393581298,5.186169393581298,5.186169393581298,5.186169393581298,5.186169393581298,5.186169393581298,5.186169393581298
RELAX,2.5689516067504883,107.42196424369064,0.5840563126910475,0.5840563126910475,0.5840563126910475,0.5840563126910475,0.5840563126910475,0.5840563126910475,0.5840563126910475
RELAX,2.6297574043273926,107.42196424369064,0.5840563126910475,0.5840563126910475,0.5840563126910475,0.5840563126910475,0.5840563126910475,0.5840563126910475,0.5840563126910475
RELAX,2.6920852661132812,107.42196424369064,0.5840563126910475,0.5840563126910475,0.5840563126910475,0.5840563126910475,0.5840563126910475,0.5840563126910475,0.5840563126910475
RELAX,2.752922534942627,107.42196424369064,0.5840563126910475,0.5840563126910475,0.5840563126910475,0.5840563126910475,0.5840563126910475,0.5840563126910475,0.5840563126910475
RELAX,2.8158860206604004,107.42196424369064,0.5840563126910475,0.5840563126910475,0.5840563126910475,0.5840563126910475,0.5840563126910475,0.5840563126910475,0.5840563126910475
RELAX,2.879457950592041,107.42196424369064,0.5840563126910475,0.5840563126910475,0.5840563126910475,0.5840563126910475,0.5840563126910475,0.5840563126910475,0.5840563126910475
RELAX,2.9399707317352295,107.42196424369064,0.5840563126910475,0.5840563126910475,0.5840563126910475,0.5840563126910475,0.5840563126910475,0.5840563126910475,0.5840563126910475
RELAX,3.0038161277770996,96.84597604175305,0.21683350136666654,0.21683350136666654,0.21683350136666654,0.21683350136666654,0.21683350136666654,0.21683350136666654,0.21683350136666654
RELAX,3.0668137073516846,96.84597604175305,0.21683350136666654,0.21683350136666654,0.21683350136666654,0.21683350136666654,0.21683350136666654,0.21683350136666654,0.21683350136666654
RELAX,3.1290597915649414,96.84597604175305,0.21683350136666654,0.21683350136666654,0.21683350136666654,0.21683350136666654,0.21683350136666654,0.21683350136666654,0.21683350136666654
RELAX,3.1913254261016846,96.84597604175305,0.21683350136666654,0.21683350136666654,0.21683350136666654,0.21683350136666654,0.21683350136666654,0.21683350136666654,0.21683350136666654
RELAX,3.2551920413970947,96.84597604175305,0.21683350136666654,0.21683350136666654,0.21683350136666654,0.21683350136666654,0.21683350136666654,0.21683350136666654,0.21683350136666654
RELAX,3.316970109939575,96.84597604175305,0.21683350136666654,0.21683350136666654,0.21683350136666654,0.21683350136666654,0.21683350136666654,0.21683350136666654,0.21683350136666654
RELAX,3.378300428390503,96.84597604175305,0.21683350136666654,0.21683350136666654,0.21683350136666654,0.21683350136666654,0.21683350136666654,0.21683350136666654,0.21683350136666654
RELAX,3.4422495365142822,96.84597604175305,0.21683350136666654,0.21683350136666654,0.21683350136666654,0.21683350136666654,0.21683350136666654,0.21683350136666654,0.21683350136666654
RELAX,3.5040504932403564,162.5743714678897,0.02201820824749077,0.02201820824749077,0.02201820824749077,0.02201820824749077,0.02201820824749077,0.02201820824749077,0.02201820824749077
RELAX,3.567455291748047,162.5743714678897,0.02201820824749077,0.02201820824749077,0.02201820824749077,0.02201820824749077,0.02201820824749077,0.02201820824749077,0.02201820824749077
RELAX,3.6278092861175537,162.5743714678897,0.02201820824749077,0.02201820824749077,0.02201820824749077,0.02201820824749077,0.02201820824749077,0.02201820824749077,0.02201820824749077
RELAX,3.6907708644866943,162.5743714678897,0.02201820824749077,0.02201820824749077,0.02201820824749077,0.02201820824749077,0.02201820824749077,0.02201820824749077,0.02201820824749077
RELAX,3.753441572189331,162.5743714678897,0.02201820824749077,0.02201820824749077,0.02201820824749077,0.02201820824749077,0.02201820824749077,0.02201820824749077,0.02201820824749077
RELAX,3.8192789554595947,162.5743714678897,0.02201820824749077,0.02201820824749077,0.02201820824749077,0.02201820824749077,0.02201820824749077,0.02201820824749077,0.02201820824749077
RELAX,3.8800172805786133,162.5743714678897,0.02201820824749077,0.02201820824749077,0.02201820824749077,0.02201820824749077,0.02201820824749077,0.02201820824749077,0.02201820824749077
RELAX,3.940013885498047,162.5743714678897,0.02201820824749077,0.02201820824749077,0.02201820824749077,0.02201820824749077,0.02201820824749077,0.02201820824749077,0.02201820824749077
RELAX,4.002942085266113,97.41371831803279,0.0008607654157257964,0.0008607654157257964,0.0008607654157257964,0.0008607654157257964,0.0008607654157257964,0.0008607654157257964,0.0008607654157257964
RELAX,4.069480895996094,97.41371831803279,0.0008607654157257964,0.0008607654157257964,0.0008607654157257964,0.0008607654157257964,0.0008607654157257964,0.0008607654157257964,0.0008607654157257964
RELAX,4.132845878601074,97.41371831803279,0.0008607654157257964,0.0008607654157257964,0.0008607654157257964,0.0008607654157257964,0.0008607654157257964,0.0008607654157257964,0.0008607654157257964
RELAX,4.191519021987915,97.41371831803279,0.0008607654157257964,0.0008607654157257964,0.0008607654157257964,0.0008607654157257964,0.0008607654157257964,0.0008607654157257964,0.0008607654157257964
RELAX,4.253632307052612,97.41371831803279,0.0008607654157257964,0.0008607654157257964,0.0008607654157257964,0.0008607654157257964,0.0008607654157257964,0.0008607654157257964,0.0008607654157257964
RELAX,4.317798137664795,97.41371831803279,0.0008607654157257964,0.0008607654157257964,0.0008607654157257964,0.0008607654157257964,0.0008607654157257964,0.0008607654157257964,0.0008607654157257964
RELAX,4.381901025772095,97.41371831803279,0.0008607654157257964,0.0008607654157257964,0.0008607654157257964,0.0008607654157257964,0.0008607654157257964,0.0008607654157257964,0.0008607654157257964
RELAX,4.442675590515137,97.41371831803279,0.0008607654157257964,0.0008607654157257964,0.0008607654157257964,0.0008607654157257964,0.0008607654157257964,0.0008607654157257964,0.0008607654157257964
RELAX,4.505929470062256,3479.3381038617754,1.9999999997338868e-08,1.9999999997338868e-08,1.9999999997338868e-08,1.9999999997338868e-08,1.9999999997338868e-08,1.9999999997338868e-08,1.9999999997338868e-08
RELAX,4.568612813949585,3479.3381038617754,1.9999999997338868e-08,1.9999999997338868e-08,1.9999999997338868e-08,1.9999999997338868e-08,1.9999999997338868e-08,1.9999999997338868e-08,1.9999999997338868e-08
RELAX,4.627859354019165,3479.3381038617754,1.9999999997338868e-08,1.9999999997338868e-08,1.9999999997338868e-08,1.9999999997338868e-08,1.9999999997338868e-08,1.9999999997338868e-08,1.9999999997338868e-08
RELAX,4.6935038566589355,3479.3381038617754,1.9999999997338868e-08,1.9999999997338868e-08,1.9999999997338868e-08,1.9999999997338868e-08,1.9999999997338868e-08,1.9999999997338868e-08,1.9999999997338868e-08
RELAX,4.757630825042725,3479.3381038617754,1.9999999997338868e-08,1.9999999997338868e-08,1.9999999997338868e-08,1.9999999997338868e-08,1.9999999997338868e-08,1.9999999997338868e-08,1.9999999997338868e-08
RELAX,4.817478179931641,3479.3381038617754,1.9999999997338868e-08,1.9999999997338868e-08,1.9999999997338868e-08,1.9999999997338868e-08,1.9999999997338868e-08,1.9999999997338868e-08,1.9999999997338868e-08
RELAX,4.877905368804932,3479.3381038617754,1.9999999997338868e-08,1.9999999997338868e-08,1.9999999997338868e-08,1.9999999997338868e-08,1.9999999997338868e-08,1.9999999997338868e-08,1.9999999997338868e-08
RELAX,4.940567493438721,201.76614507540705,1.9999999997338868e-08,1.9999999997338868e-08,1.9999999997338868e-08,1.9999999997338868e-08,1.9999999997338868e-08,1.9999999997338868e-08,1.9999999997338868e-08
RELAX,5.003002166748047,201.76614507540705,1.9999999997338868e-08,1.9999999997338868e-08,1.9999999997338868e-08,1.9999999997338868e-08,1.9999999997338868e-08,1.9999999997338868e-08,1.9999999997338868e-08
RELAX,5.067936658859253,201.76614507540705,1.9999999997338868e-08,1.9999999997338868e-08,1.9999999997338868e-08,1.9999999997338868e-08,1.9999999997338868e-08,1.9999999997338868e-08,1.9999999997338868e-08
RELAX,5.132783889770508,201.76614507540705,1.9999999997338868e-08,1.9999999997338868e-08,1.9999999997338868e-08,1.9999999997338868e-08,1.9999999997338868e-08,1.9999999997338868e-08,1.9999999997338868e-08
RELAX,5.194804906845093,201.76614507540705,1.9999999997338868e-08,1.9999999997338868e-08,1.9999999997338868e-08,1.9999999997338868e-08,1.9999999997338868e-08,1.9999999997338868e-08,1.9999999997338868e-08
RELAX,5.2542688846588135,201.76614507540705,1.9999999997338868e-08,1.9999999997338868e-08,1.9999999997338868e-08,1.9999999997338868e-08,1.9999999997338868e-08,1.9999999997338868e-08,1.9999999997338868e-08
RELAX,5.318864583969116,201.76614507540705,1.9999999997338868e-08,1.9999999997338868e-08,1.9999999997338868e-08,1.9999999997338868e-08,1.9999999997338868e-08,1.9999999997338868e-08,1.9999999997338868e-08
RELAX,5.3779942989349365,201.76614507540705,1.9999999997338868e-08,1.9999999997338868e-08,1.9999999997338868e-08,1.9999999997338868e-08,1.9999999997338868e-08,1.9999999997338868e-08,1.9999999997338868e-08
RELAX,5.4419190883636475,1443.5292126616644,1.9999999997338868e-08,1.9999999997338868e-08,1.9999999997338868e-08,1.9999999997338868e-08,1.9999999997338868e-08,1.9999999997338868e-08,1.9999999997338868e-08
RELAX,5.504840135574341,1443.5292126616644,1.9999999997338868e-08,1.9999999997338868e-08,1.9999999997338868e-08,1.9999999997338868e-08,1.9999999997338868e-08,1.9999999997338868e-08,1.9999999997338868e-08
RELAX,5.566955327987671,1443.5292126616644,1.9999999997338868e-08,1.9999999997338868e-08,1.9999999997338868e-08,1.9999999997338868e-08,1.9999999997338868e-08,1.9999999997338868e-08,1.9999999997338868e-08
RELAX,5.631832122802734,1443.5292126616644,1.9999999997338868e-08,1.9999999997338868e-08,1.9999999997338868e-08,1.9999999997338868e-08,1.9999999997338868e-08,1.9999999997338868e-08,1.9999999997338868e-08
RELAX,5.6917948722839355,1443.5292126616644,1.9999999997338868e-08,1.9999999997338868e-08,1.9999999997338868e-08,1.9999999997338868e-08,1.9999999997338868e-08,1.9999999997338868e-08,1.9999999997338868e-08
RELAX,5.753811359405518,1443.5292126616644,1.9999999997338868e-08,1.9999999997338868e-08,1.9999999997338868e-08,1.9999999997338868e-08,1.9999999997338868e-08,1.9999999997338868e-08,1.9999999997338868e-08
RELAX,5.816222429275513,1443.5292126616644,1.9999999997338868e-08,1.9999999997338868e-08,1.9999999997338868e-08,1.9999999997338868e-08,1.9999999997338868e-08,1.9999999997338868e-08,1.9999999997338868e-08
RELAX,5.879125595092773,1443.5292126616644,1.9999999997338868e-08,1.9999999997338868e-08,1.9999999997338868e-08,1.9999999997338868e-08,1.9999999997338868e-08,1.9999999997338868e-08,1.9999999997338868e-08
RELAX,5.941045045852661,5425.635240816572,1.9999999997338868e-08,1.9999999997338868e-08,1.9999999997338868e-08,1.9999999997338868e-08,1.9999999997338868e-08,1.9999999997338868e-08,1.9999999997338868e-08
RELAX,6.003568410873413,5425.635240816572,1.9999999997338868e-08,1.9999999997338868e-08,1.9999999997338868e-08,1.9999999997338868e-08,1.9999999997338868e-08,1.9999999997338868e-08,1.9999999997338868e-08
RELAX,6.067727088928223,5425.635240816572,1.9999999997338868e-08,1.9999999997338868e-08,1.9999999997338868e-08,1.9999999997338868e-08,1.9999999997338868e-08,1.9999999997338868e-08,1.9999999997338868e-08
RELAX,6.130695343017578,5425.635240816572,1.9999999997338868e-08,1.9999999997338868e-08,1.9999999997338868e-08,1.9999999997338868e-08,1.9999999997338868e-08,1.9999999997338868e-08,1.9999999997338868e-08
RELAX,6.1907782554626465,5425.635240816572,1.9999999997338868e-08,1.9999999997338868e-08,1.9999999997338868e-08,1.9999999997338868e-08,1.9999999997338868e-08,1.9999999997338868e-08,1.9999999997338868e-08
RELAX,6.256327867507935,5425.635240816572,1.9999999997338868e-08,1.9999999997338868e-08,1.9999999997338868e-08,1.9999999997338868e-08,1.9999999997338868e-08,1.9999999997338868e-08,1.9999999997338868e-08
RELAX,6.316797971725464,5425.635240816572,1.9999999997338868e-08,1.9999999997338868e-08,1.9999999997338868e-08,1.9999999997338868e-08,1.9999999997338868e-08,1.9999999997338868e-08,1.9999999997338868e-08
RELAX,6.378000497817993,1869.723681007009,1.9999999997338868e-08,1.9999999997338868e-08,1.9999999997338868e-08,1.9999999997338868e-08,1.9999999997338868e-08,1.9999999997338868e-08,1.9999999997338868e-08
RELAX,6.441950082778931,1869.723681007009,1.9999999997338868e-08,1.9999999997338868e-08,1.9999999997338868e-08,1.9999999997338868e-08,1.9999999997338868e-08,1.9999999997338868e-08,1.9999999997338868e-08
RELAX,6.503666877746582,1869.723681007009,1.9999999997338868e-08,1.9999999997338868e-08,1.9999999997338868e-08,1.9999999997338868e-08,1.9999999997338868e-08,1.9999999997338868e-08,1.9999999997338868e-08
RELAX,6.56851053237915,1869.723681007009,1.9999999997338868e-08,1.9999999997338868e-08,1.9999999997338868e-08,1.9999999997338868e-08,1.9999999997338868e-08,1.9999999997338868e-08,1.9999999997338868e-08
RELAX,6.632239103317261,1869.723681007009,1.9999999997338868e-08,1.9999999997338868e-08,1.9999999997338868e-08,1.9999999997338868e-08,1.9999999997338868e-08,1.9999999997338868e-08,1.9999999997338868e-08
RELAX,6.691236972808838,1869.723681007009,1.9999999997338868e-08,1.9999999997338868e-08,1.9999999997338868e-08,1.9999999997338868e-08,1.9999999997338868e-08,1.9999999997338868e-08,1.9999999997338868e-08
RELAX,6.754791736602783,1869.723681007009,1.9999999997338868e-08,1.9999999997338868e-08,1.9999999997338868e-08,1.9999999997338868e-08,1.9999999997338868e-08,1.9999999997338868e-08,1.9999999997338868e-08
RELAX,6.818119049072266,1869.723681007009,1.9999999997338868e-08,1.9999999997338868e-08,1.9999999997338868e-08,1.9999999997338868e-08,1.9999999997338868e-08,1.9999999997338868e-08,1.9999999997338868e-08
RELAX,6.880595922470093,286.74207900412745,1.9999999997338868e-08,1.9999999997338868e-08,1.9999999997338868e-08,1.9999999997338868e-08,1.9999999997338868e-08,1.9999999997338868e-08,1.9999999997338868e-08
RELAX,6.942882537841797,286.74207900412745,1.9999999997338868e-08,1.9999999997338868e-08,1.9999999997338868e-08,1.9999999997338868e-08,1.9999999997338868e-08,1.9999999997338868e-08,1.9999999997338868e-08
RELAX,7.003844976425171,286.74207900412745,1.9999999997338868e-08,1.9999999997338868e-08,1.9999999997338868e-08,1.9999999997338868e-08,1.9999999997338868e-08,1.9999999997338868e-08,1.9999999997338868e-08
RELAX,7.06677770614624,286.74207900412745,1.9999999997338868e-08,1.9999999997338868e-08,1.9999999997338868e-08,1.9999999997338868e-08,1.9999999997338868e-08,1.9999999997338868e-08,1.9999999997338868e-08
RELAX,7.128901243209839,286.74207900412745,1.9999999997338868e-08,1.9999999997338868e-08,1.9999999997338868e-08,1.9999999997338868e-08,1.9999999997338868e-08,1.9999999997338868e-08,1.9999999997338868e-08
RELAX,7.18998646736145,286.74207900412745,1.9999999997338868e-08,1.9999999997338868e-08,1.9999999997338868e-08,1.9999999997338868e-08,1.9999999997338868e-08,1.9999999997338868e-08,1.9999999997338868e-08
RELAX,7.254193305969238,286.74207900412745,1.9999999997338868e-08,1.9999999997338868e-08,1.9999999997338868e-08,1.9999999997338868e-08,1.9999999997338868e-08,1.9999999997338868e-08,1.9999999997338868e-08
RELAX,7.317911624908447,286.74207900412745,1.9999999997338868e-08,1.9999999997338868e-08,1.9999999997338868e-08,1.9999999997338868e-08,1.9999999997338868e-08,1.9999999997338868e-08,1.9999999997338868e-08
RELAX,7.3791632652282715,30.16504926614278,1.9999999997338868e-08,1.9999999997338868e-08,1.9999999997338868e-08,1.9999999997338868e-08,1.9999999997338868e-08,1.9999999997338868e-08,1.9999999997338868e-08
RELAX,7.439948320388794,30.16504926614278,1.9999999997338868e-08,1.9999999997338868e-08,1.9999999997338868e-08,1.9999999997338868e-08,1.9999999997338868e-08,1.9999999997338868e-08,1.9999999997338868e-08
RELAX,7.503847599029541,30.16504926614278,1.9999999997338868e-08,1.9999999997338868e-08,1.9999999997338868e-08,1.9999999997338868e-08,1.9999999997338868e-08,1.9999999997338868e-08,1.9999999997338868e-08
RELAX,7.568725347518921,30.16504926614278,1.9999999997338868e-08,1.9999999997338868e-08,1.9999999997338868e-08,1.9999999997338868e-08,1.9999999997338868e-08,1.9999999997338868e-08,1.9999999997338868e-08
RELAX,7.630050182342529,30.16504926614278,1.9999999997338868e-08,1.9999999997338868e-08,1.9999999997338868e-08,1.9999999997338868e-08,1.9999999997338868e-08,1.9999999997338868e-08,1.9999999997338868e-08
RELAX,7.691226482391357,30.16504926614278,1.9999999997338868e-08,1.9999999997338868e-08,1.9999999997338868e-08,1.9999999997338868e-08,1.9999999997338868e-08,1.9999999997338868e-08,1.9999999997338868e-08
RELAX,7.754026174545288,30.16504926614278,1.9999999997338868e-08,1.9999999997338868e-08,1.9999999997338868e-08,1.9999999997338868e-08,1.9999999997338868e-08,1.9999999997338868e-08,1.9999999997338868e-08
RELAX,7.816490888595581,7731.213354436246,1.9999999997338868e-08,1.9999999997338868e-08,1.9999999997338868e-08,1.9999999997338868e-08,1.9999999997338868e-08,1.9999999997338868e-08,1.9999999997338868e-08
RELAX,7.878414869308472,7731.213354436246,1.9999999997338868e-08,1.9999999997338868e-08,1.9999999997338868e-08,1.9999999997338868e-08,1.9999999997338868e-08,1.9999999997338868e-08,1.9999999997338868e-08
RELAX,7.941392421722412,7731.213354436246,1.9999999997338868e-08,1.9999999997338868e-08,1.9999999997338868e-08,1.9999999997338868e-08,1.9999999997338868e-08,1.9999999997338868e-08,1.9999999997338868e-08
RELAX,8.00428557395935,7731.213354436246,1.9999999997338868e-08,1.9999999997338868e-08,1.9999999997338868e-08,1.9999999997338868e-08,1.9999999997338868e-08,1.9999999997338868e-08,1.9999999997338868e-08
RELAX,8.0654878616333,7731.213354436246,1.9999999997338868e-08,1.9999999997338868e-08,1.9999999997338868e-08,1.9999999997338868e-08,1.9999999997338868e-08,1.9999999997338868e-08,1.9999999997338868e-08
RELAX,8.128080368041992,7731.213354436246,1.9999999997338868e-08,1.9999999997338868e-08,1.9999999997338868e-08,1.9999999997338868e-08,1.9999999997338868e-08,1.9999999997338868e-08,1.9999999997338868e-08
RELAX,8.190441131591797,7731.213354436246,1.9999999997338868e-08,1.9999999997338868e-08,1.9999999997338868e-08,1.9999999997338868e-08,1.9999999997338868e-08,1.9999999997338868e-08,1.9999999997338868e-08
RELAX,8.254960536956787,7731.213354436246,1.9999999997338868e-08,1.9999999997338868e-08,1.9999999997338868e-08,1.9999999997338868e-08,1.9999999997338868e-08,1.9999999997338868e-08,1.9999999997338868e-08
RELAX,8.316312074661255,3202.9302180933987,1.9999999997338868e-08,1.9999999997338868e-08,1.9999999997338868e-08,1.9999999997338868e-08,1.9999999997338868e-08,1.9999999997338868e-08,1.9999999997338868e-08
RELAX,8.379028797149658,3202.9302180933987,1.9999999997338868e-08,1.9999999997338868e-08,1.9999999997338868e-08,1.9999999997338868e-08,1.9999999997338868e-08,1.9999999997338868e-08,1.9999999997338868e-08
RELAX,8.440840005874634,3202.9302180933987,1.9999999997338868e-08,1.9999999997338868e-08,1.9999999997338868e-08,1.9999999997338868e-08,1.9999999997338868e-08,1.9999999997338868e-08,1.9999999997338868e-08
RELAX,8.504283666610718,3202.9302180933987,1.9999999997338868e-08,1.9999999997338868e-08,1.9999999997338868e-08,1.9999999997338868e-08,1.9999999997338868e-08,1.9999999997338868e-08,1.9999999997338868e-08
RELAX,8.567201852798462,3202.9302180933987,1.9999999997338868e-08,1.9999999997338868e-08,1.9999999997338868e-08,1.9999999997338868e-08,1.9999999997338868e-08,1.9999999997338868e-08,1.9999999997338868e-08
RELAX,8.62777829170227,3202.9302180933987,1.9999999997338868e-08,1.9999999997338868e-08,1.9999999997338868e-08,1.9999999997338868e-08,1.9999999997338868e-08,1.9999999997338868e-08,1.9999999997338868e-08
RELAX,8.692811965942383,3202.9302180933987,1.9999999997338868e-08,1.9999999997338868e-08,1.9999999997338868e-08,1.9999999997338868e-08,1.9999999997338868e-08,1.9999999997338868e-08,1.9999999997338868e-08
RELAX,8.754831314086914,3202.9302180933987,1.9999999997338868e-08,1.9999999997338868e-08,1.9999999997338868e-08,1.9999999997338868e-08,1.9999999997338868e-08,1.9999999997338868e-08,1.9999999997338868e-08
RELAX,8.81864070892334,2838.9678086583895,1.9999999997338868e-08,1.9999999997338868e-08,1.9999999997338868e-08,1.9999999997338868e-08,1.9999999997338868e-08,1.9999999997338868e-08,1.9999999997338868e-08
RELAX,8.877850770950317,2838.9678086583895,1.9999999997338868e-08,1.9999999997338868e-08,1.9999999997338868e-08,1.9999999997338868e-08,1.9999999997338868e-08,1.9999999997338868e-08,1.9999999997338868e-08
RELAX,8.941390991210938,2838.9678086583895,1.9999999997338868e-08,1.9999999997338868e-08,1.9999999997338868e-08,1.9999999997338868e-08,1.9999999997338868e-08,1.9999999997338868e-08,1.9999999997338868e-08
RELAX,9.004066705703735,2838.9678086583895,1.9999999997338868e-08,1.9999999997338868e-08,1.9999999997338868e-08,1.9999999997338868e-08,1.9999999997338868e-08,1.9999999997338868e-08,1.9999999997338868e-08
RELAX,9.06557321548462,2838.9678086583895,1.9999999997338868e-08,1.9999999997338868e-08,1.9999999997338868e-08,1.9999999997338868e-08,1.9999999997338868e-08,1.9999999997338868e-08,1.9999999997338868e-08
RELAX,9.130372524261475,2838.9678086583895,1.9999999997338868e-08,1.9999999997338868e-08,1.9999999997338868e-08,1.9999999997338868e-08,1.9999999997338868e-08,1.9999999997338868e-08,1.9999999997338868e-08
RELAX,9.191290140151978,2838.9678086583895,1.9999999997338868e-08,1.9999999997338868e-08,1.9999999997338868e-08,1.9999999997338868e-08,1.9999999997338868e-08,1.9999999997338868e-08,1.9999999997338868e-08
RELAX,9.253578424453735,2447.526585873923,1.9999999997338868e-08,1.9999999997338868e-08,1.9999999997338868e-08,1.9999999997338868e-08,1.9999999997338868e-08,1.9999999997338868e-08,1.9999999997338868e-08
RELAX,9.320648193359375,2447.526585873923,1.9999999997338868e-08,1.9999999997338868e-08,1.9999999997338868e-08,1.9999999997338868e-08,1.9999999997338868e-08,1.9999999997338868e-08,1.9999999997338868e-08
RELAX,9.382544994354248,2447.526585873923,1.9999999997338868e-08,1.9999999997338868e-08,1.9999999997338868e-08,1.9999999997338868e-08,1.9999999997338868e-08,1.9999999997338868e-08,1.9999999997338868e-08
RELAX,9.444437980651855,2447.526585873923,1.9999999997338868e-08,1.9999999997338868e-08,1.9999999997338868e-08,1.9999999997338868e-08,1.9999999997338868e-08,1.9999999997338868e-08,1.9999999997338868e-08
RELAX,9.50680923461914,2447.526585873923,1.9999999997338868e-08,1.9999999997338868e-08,1.9999999997338868e-08,1.9999999997338868e-08,1.9999999997338868e-08,1.9999999997338868e-08,1.9999999997338868e-08
RELAX,9.567908763885498,2447.526585873923,1.9999999997338868e-08,1.9999999997338868e-08,1.9999999997338868e-08,1.9999999997338868e-08,1.9999999997338868e-08,1.9999999997338868e-08,1.9999999997338868e-08
RELAX,9.628825187683105,2447.526585873923,1.9999999997338868e-08,1.9999999997338868e-08,1.9999999997338868e-08,1.9999999997338868e-08,1.9999999997338868e-08,1.9999999997338868e-08,1.9999999997338868e-08
RELAX,9.690667629241943,2447.526585873923,1.9999999997338868e-08,1.9999999997338868e-08,1.9999999997338868e-08,1.9999999997338868e-08,1.9999999997338868e-08,1.9999999997338868e-08,1.9999999997338868e-08
RELAX,9.755050897598267,216.00474974568775,1.9999999997338868e-08,1.9999999997338868e-08,1.9999999997338868e-08,1.9999999997338868e-08,1.9999999997338868e-08,1.9999999997338868e-08,1.9999999997338868e-08
RELAX,9.81744647026062,216.00474974568775,1.9999999997338868e-08,1.9999999997338868e-08,1.9999999997338868e-08,1.9999999997338868e-08,1.9999999997338868e-08,1.9999999997338868e-08,1.9999999997338868e-08
RELAX,9.879184246063232,216.00474974568775,1.9999999997338868e-08,1.9999999997338868e-08,1.9999999997338868e-08,1.9999999997338868e-08,1.9999999997338868e-08,1.9999999997338868e-08,1.9999999997338868e-08
RELAX,9.944841146469116,216.00474974568775,1.9999999997338868e-08,1.9999999997338868e-08,1.9999999997338868e-08,1.9999999997338868e-08,1.9999999997338868e-08,1.9999999997338868e-08,1.9999999997338868e-08
RELAX,10.005675077438354,216.00474974568775,1.9999999997338868e-08,1.9999999997338868e-08,1.9999999997338868e-08,1.9999999997338868e-08,1.9999999997338868e-08,1.9999999997338868e-08,1.9999999997338868e-08
RELAX,10.068761587142944,216.00474974568775,1.9999999997338868e-08,1.9999999997338868e-08,1.9999999997338868e-08,1.9999999997338868e-08,1.9999999997338868e-08,1.9999999997338868e-08,1.9999999997338868e-08
RELAX,10.132658243179321,216.00474974568775,1.9999999997338868e-08,1.9999999997338868e-08,1.9999999997338868e-08,1.9999999997338868e-08,1.9999999997338868e-08,1.9999999997338868e-08,1.9999999997338868e-08
RELAX,10.193534851074219,216.00474974568775,1.9999999997338868e-08,1.9999999997338868e-08,1.9999999997338868e-08,1.9999999997338868e-08,1.9999999997338868e-08,1.9999999997338868e-08,1.9999999997338868e-08
RELAX,10.255075931549072,1065.8110313837237,1.9999999997338868e-08,1.9999999997338868e-08,1.9999999997338868e-08,1.9999999997338868e-08,1.9999999997338868e-08,1.9999999997338868e-08,1.9999999997338868e-08
RELAX,10.316851139068604,1065.8110313837237,1.9999999997338868e-08,1.9999999997338868e-08,1.9999999997338868e-08,1.9999999997338868e-08,1.9999999997338868e-08,1.9999999997338868e-08,1.9999999997338868e-08
RELAX,10.37836217880249,1065.8110313837237,1.9999999997338868e-08,1.9999999997338868e-08,1.9999999997338868e-08,1.9999999997338868e-08,1.9999999997338868e-08,1.9999999997338868e-08,1.9999999997338868e-08
RELAX,10.441810846328735,1065.8110313837237,1.9999999997338868e-08,1.9999999997338868e-08,1.9999999997338868e-08,1.9999999997338868e-08,1.9999999997338868e-08,1.9999999997338868e-08,1.9999999997338868e-08
RELAX,10.506691455841064,1065.8110313837237,1.9999999997338868e-08,1.9999999997338868e-08,1.9999999997338868e-08,1.9999999997338868e-08,1.9999999997338868e-08,1.9999999997338868e-08,1.9999999997338868e-08
RELAX,10.570696592330933,1065.8110313837237,1.9999999997338868e-08,1.9999999997338868e-08,1.9999999997338868e-08,1.9999999997338868e-08,1.9999999997338868e-08,1.9999999997338868e-08,1.9999999997338868e-08
RELAX,10.628846883773804,1065.8110313837237,1.9999999997338868e-08,1.9999999997338868e-08,1.9999999997338868e-08,1.9999999997338868e-08,1.9999999997338868e-08,1.9999999997338868e-08,1.9999999997338868e-08
RELAX,10.691042423248291,4177.151678879914,1.9999999997338868e-08,1.9999999997338868e-08,1.9999999997338868e-08,1.9999999997338868e-08,1.9999999997338868e-08,1.9999999997338868e-08,1.9999999997338868e-08
RELAX,10.75789999961853,4177.151678879914,1.9999999997338868e-08,1.9999999997338868e-08,1.9999999997338868e-08,1.9999999997338868e-08,1.9999999997338868e-08,1.9999999997338868e-08,1.9999999997338868e-08
RELAX,10.816674947738647,4177.151678879914,1.9999999997338868e-08,1.9999999997338868e-08,1.9999999997338868e-08,1.9999999997338868e-08,1.9999999997338868e-08,1.9999999997338868e-08,1.9999999997338868e-08
RELAX,10.880323648452759,4177.151678879914,1.9999999997338868e-08,1.9999999997338868e-08,1.9999999997338868e-08,1.9999999997338868e-08,1.9999999997338868e-08,1.9999999997338868e-08,1.9999999997338868e-08
RELAX,10.946308374404907,4177.151678879914,1.9999999997338868e-08,1.9999999997338868e-08,1.9999999997338868e-08,1.9999999997338868e-08,1.9999999997338868e-08,1.9999999997338868e-08,1.9999999997338868e-08
RELAX,11.007686138153076,4177.151678879914,1.9999999997338868e-08,1.9999999997338868e-08,1.9999999997338868e-08,1.9999999997338868e-08,1.9999999997338868e-08,1.9999999997338868e-08,1.9999999997338868e-08
RELAX,11.065041303634644,4177.151678879914,1.9999999997338868e-08,1.9999999997338868e-08,1.9999999997338868e-08,1.9999999997338868e-08,1.9999999997338868e-08,1.9999999997338868e-08,1.9999999997338868e-08
RELAX,11.130305528640747,4177.151678879914,1.9999999997338868e-08,1.9999999997338868e-08,1.9999999997338868e-08,1.9999999997338868e-08,1.9999999997338868e-08,1.9999999997338868e-08,1.9999999997338868e-08
RELAX,11.193648099899292,1698.5578461622467,1.9999999997338868e-08,1.9999999997338868e-08,1.9999999997338868e-08,1.9999999997338868e-08,1.9999999997338868e-08,1.9999999997338868e-08,1.9999999997338868e-08
RELAX,11.256014585494995,1698.5578461622467,1.9999999997338868e-08,1.9999999997338868e-08,1.9999999997338868e-08,1.9999999997338868e-08,1.9999999997338868e-08,1.9999999997338868e-08,1.9999999997338868e-08
RELAX,11.320840835571289,1698.5578461622467,1.9999999997338868e-08,1.9999999997338868e-08,1.9999999997338868e-08,1.9999999997338868e-08,1.9999999997338868e-08,1.9999999997338868e-08,1.9999999997338868e-08
RELAX,11.381202936172485,1698.5578461622467,1.9999999997338868e-08,1.9999999997338868e-08,1.9999999997338868e-08,1.9999999997338868e-08,1.9999999997338868e-08,1.9999999997338868e-08,1.9999999997338868e-08
RELAX,11.446030855178833,1698.5578461622467,1.9999999997338868e-08,1.9999999997338868e-08,1.9999999997338868e-08,1.9999999997338868e-08,1.9999999997338868e-08,1.9999999997338868e-08,1.9999999997338868e-08
RELAX,11.506427764892578,1698.5578461622467,1.9999999997338868e-08,1.9999999997338868e-08,1.9999999997338868e-08,1.9999999997338868e-08,1.9999999997338868e-08,1.9999999997338868e-08,1.9999999997338868e-08
RELAX,11.570255279541016,1698.5578461622467,1.9999999997338868e-08,1.9999999997338868e-08,1.9999999997338868e-08,1.9999999997338868e-08,1.9999999997338868e-08,1.9999999997338868e-08,1.9999999997338868e-08
RELAX,11.63027811050415,1698.5578461622467,1.9999999997338868e-08,1.9999999997338868e-08,1.9999999997338868e-08,1.9999999997338868e-08,1.9999999997338868e-08,1.9999999997338868e-08,1.9999999997338868e-08
RELAX,11.69411301612854,1442.4676708858399,1.9999999997338868e-08,1.9999999997338868e-08,1.9999999997338868e-08,1.9999999997338868e-08,1.9999999997338868e-08,1.9999999997338868e-08,1.9999999997338868e-08
RELAX,11.755949258804321,1442.4676708858399,1.9999999997338868e-08,1.9999999997338868e-08,1.9999999997338868e-08,1.9999999997338868e-08,1.9999999997338868e-08,1.9999999997338868e-08,1.9999999997338868e-08
RELAX,11.82077693939209,1442.4676708858399,1.9999999997338868e-08,1.9999999997338868e-08,1.9999999997338868e-08,1.9999999997338868e-08,1.9999999997338868e-08,1.9999999997338868e-08,1.9999999997338868e-08
RELAX,11.878599405288696,1442.4676708858399,1.9999999997338868e-08,1.9999999997338868e-08,1.9999999997338868e-08,1.9999999997338868e-08,1.9999999997338868e-08,1.9999999997338868e-08,1.9999999997338868e-08
RELAX,11.942945003509521,1442.4676708858399,1.9999999997338868e-08,1.9999999997338868e-08,1.9999999997338868e-08,1.9999999997338868e-08,1.9999999997338868e-08,1.9999999997338868e-08,1.9999999997338868e-08
RELAX,12.00577712059021,1442.4676708858399,1.9999999997338868e-08,1.9999999997338868e-08,1.9999999997338868e-08,1.9999999997338868e-08,1.9999999997338868e-08,1.9999999997338868e-08,1.9999999997338868e-08
RELAX,12.067942380905151,1442.4676708858399,1.9999999997338868e-08,1.9999999997338868e-08,1.9999999997338868e-08,1.9999999997338868e-08,1.9999999997338868e-08,1.9999999997338868e-08,1.9999999997338868e-08
RELAX,12.132768154144287,1442.4676708858399,1.9999999997338868e-08,1.9999999997338868e-08,1.9999999997338868e-08,1.9999999997338868e-08,1.9999999997338868e-08,1.9999999997338868e-08,1.9999999997338868e-08
RELAX,12.191997051239014,4207.704267936683,1.9999999997338868e-08,1.9999999997338868e-08,1.9999999997338868e-08,1.9999999997338868e-08,1.9999999997338868e-08,1.9999999997338868e-08,1.9999999997338868e-08
RELAX,12.257678747177124,4207.704267936683,1.9999999997338868e-08,1.9999999997338868e-08,1.9999999997338868e-08,1.9999999997338868e-08,1.9999999997338868e-08,1.9999999997338868e-08,1.9999999997338868e-08
RELAX,12.315792322158813,4207.704267936683,1.9999999997338868e-08,1.9999999997338868e-08,1.9999999997338868e-08,1.9999999997338868e-08,1.9999999997338868e-08,1.9999999997338868e-08,1.9999999997338868e-08
RELAX,12.381125211715698,4207.704267936683,1.9999999997338868e-08,1.9999999997338868e-08,1.9999999997338868e-08,1.9999999997338868e-08,1.9999999997338868e-08,1.9999999997338868e-08,1.9999999997338868e-08
RELAX,12.44396162033081,4207.704267936683,1.9999999997338868e-08,1.9999999997338868e-08,1.9999999997338868e-08,1.9999999997338868e-08,1.9999999997338868e-08,1.9999999997338868e-08,1.9999999997338868e-08
RELAX,12.507786750793457,4207.704267936683,1.9999999997338868e-08,1.9999999997338868e-08,1.9999999997338868e-08,1.9999999997338868e-08,1.9999999997338868e-08,1.9999999997338868e-08,1.9999999997338868e-08
RELAX,12.565672397613525,4207.704267936683,1.9999999997338868e-08,1.9999999997338868e-08,1.9999999997338868e-08,1.9999999997338868e-08,1.9999999997338868e-08,1.9999999997338868e-08,1.9999999997338868e-08
RELAX,12.630012273788452,5511.640969217997,1.9999999997338868e-08,1.9999999997338868e-08,1.9999999997338868e-08,1.9999999997338868e-08,1.9999999997338868e-08,1.9999999997338868e-08,1.9999999997338868e-08
RELAX,12.694839000701904,5511.640969217997,1.9999999997338868e-08,1.9999999997338868e-08,1.9999999997338868e-08,1.9999999997338868e-08,1.9999999997338868e-08,1.9999999997338868e-08,1.9999999997338868e-08
RELAX,12.755677461624146,5511.640969217997,1.9999999997338868e-08,1.9999999997338868e-08,1.9999999997338868e-08,1.9999999997338868e-08,1.9999999997338868e-08,1.9999999997338868e-08,1.9999999997338868e-08
RELAX,12.821505546569824,5511.640969217997,1.9999999997338868e-08,1.9999999997338868e-08,1.9999999997338868e-08,1.9999999997338868e-08,1.9999999997338868e-08,1.9999999997338868e-08,1.9999999997338868e-08
RELAX,12.879375457763672,5511.640969217997,1.9999999997338868e-08,1.9999999997338868e-08,1.9999999997338868e-08,1.9999999997338868e-08,1.9999999997338868e-08,1.9999999997338868e-08,1.9999999997338868e-08
RELAX,12.943174600601196,5511.640969217997,1.9999999997338868e-08,1.9999999997338868e-08,1.9999999997338868e-08,1.9999999997338868e-08,1.9999999997338868e-08,1.9999999997338868e-08,1.9999999997338868e-08
RELAX,13.006016731262207,5511.640969217997,1.9999999997338868e-08,1.9999999997338868e-08,1.9999999997338868e-08,1.9999999997338868e-08,1.9999999997338868e-08,1.9999999997338868e-08,1.9999999997338868e-08
RELAX,13.068847417831421,5511.640969217997,1.9999999997338868e-08,1.9999999997338868e-08,1.9999999997338868e-08,1.9999999997338868e-08,1.9999999997338868e-08,1.9999999997338868e-08,1.9999999997338868e-08
RELAX,13.127796173095703,3880.8550772338317,1.9999999997338868e-08,1.9999999997338868e-08,1.9999999997338868e-08,1.9999999997338868e-08,1.9999999997338868e-08,1.9999999997338868e-08,1.9999999997338868e-08
RELAX,13.192598342895508,3880.8550772338317,1.9999999997338868e-08,1.9999999997338868e-08,1.9999999997338868e-08,1.9999999997338868e-08,1.9999999997338868e-08,1.9999999997338868e-08,1.9999999997338868e-08
RELAX,13.258424043655396,3880.8550772338317,1.9999999997338868e-08,1.9999999997338868e-08,1.9999999997338868e-08,1.9999999997338868e-08,1.9999999997338868e-08,1.9999999997338868e-08,1.9999999997338868e-08
RELAX,13.3162682056427,3880.8550772338317,1.9999999997338868e-08,1.9999999997338868e-08,1.9999999997338868e-08,1.9999999997338868e-08,1.9999999997338868e-08,1.9999999997338868e-08,1.9999999997338868e-08
RELAX,13.38109564781189,3880.8550772338317,1.9999999997338868e-08,1.9999999997338868e-08,1.9999999997338868e-08,1.9999999997338868e-08,1.9999999997338868e-08,1.9999999997338868e-08,1.9999999997338868e-08
RELAX,13.440984010696411,3880.8550772338317,1.9999999997338868e-08,1.9999999997338868e-08,1.9999999997338868e-08,1.9999999997338868e-08,1.9999999997338868e-08,1.9999999997338868e-08,1.9999999997338868e-08
RELAX,13.505509853363037,3880.8550772338317,1.9999999997338868e-08,1.9999999997338868e-08,1.9999999997338868e-08,1.9999999997338868e-08,1.9999999997338868e-08,1.9999999997338868e-08,1.9999999997338868e-08
RELAX,13.57002878189087,3880.8550772338317,1.9999999997338868e-08,1.9999999997338868e-08,1.9999999997338868e-08,1.9999999997338868e-08,1.9999999997338868e-08,1.9999999997338868e-08,1.9999999997338868e-08
RELAX,13.628386974334717,1686.6183699766314,1.9999999997338868e-08,1.9999999997338868e-08,1.9999999997338868e-08,1.9999999997338868e-08,1.9999999997338868e-08,1.9999999997338868e-08,1.9999999997338868e-08
RELAX,13.69285273551941,1686.6183699766314,1.9999999997338868e-08,1.9999999997338868e-08,1.9999999997338868e-08,1.9999999997338868e-08,1.9999999997338868e-08,1.9999999997338868e-08,1.9999999997338868e-08
RELAX,13.756685733795166,1686.6183699766314,1.9999999997338868e-08,1.9999999997338868e-08,1.9999999997338868e-08,1.9999999997338868e-08,1.9999999997338868e-08,1.9999999997338868e-08,1.9999999997338868e-08
RELAX,13.816054582595825,1686.6183699766314,1.9999999997338868e-08,1.9999999997338868e-08,1.9999999997338868e-08,1.9999999997338868e-08,1.9999999997338868e-08,1.9999999997338868e-08,1.9999999997338868e-08
RELAX,13.87942886352539,1686.6183699766314,1.9999999997338868e-08,1.9999999997338868e-08,1.9999999997338868e-08,1.9999999997338868e-08,1.9999999997338868e-08,1.9999999997338868e-08,1.9999999997338868e-08
RELAX,13.941116571426392,1686.6183699766314,1.9999999997338868e-08,1.9999999997338868e-08,1.9999999997338868e-08,1.9999999997338868e-08,1.9999999997338868e-08,1.9999999997338868e-08,1.9999999997338868e-08
RELAX,14.005978345870972,1686.6183699766314,1.9999999997338868e-08,1.9999999997338868e-08,1.9999999997338868e-08,1.9999999997338868e-08,1.9999999997338868e-08,1.9999999997338868e-08,1.9999999997338868e-08
RELAX,14.070770502090454,2290.8287608256046,1.9999999997338868e-08,1.9999999997338868e-08,1.9999999997338868e-08,1.9999999997338868e-08,1.9999999997338868e-08,1.9999999997338868e-08,1.9999999997338868e-08
RELAX,14.131572961807251,2290.8287608256046,1.9999999997338868e-08,1.9999999997338868e-08,1.9999999997338868e-08,1.9999999997338868e-08,1.9999999997338868e-08,1.9999999997338868e-08,1.9999999997338868e-08
RELAX,14.192421913146973,2290.8287608256046,1.9999999997338868e-08,1.9999999997338868e-08,1.9999999997338868e-08,1.9999999997338868e-08,1.9999999997338868e-08,1.9999999997338868e-08,1.9999999997338868e-08
RELAX,14.256239891052246,2290.8287608256046,1.9999999997338868e-08,1.9999999997338868e-08,1.9999999997338868e-08,1.9999999997338868e-08,1.9999999997338868e-08,1.9999999997338868e-08,1.9999999997338868e-08
RELAX,14.3151113986969,2290.8287608256046,1.9999999997338868e-08,1.9999999997338868e-08,1.9999999997338868e-08,1.9999999997338868e-08,1.9999999997338868e-08,1.9999999997338868e-08,1.9999999997338868e-08
RELAX,14.38090705871582,2290.8287608256046,1.9999999997338868e-08,1.9999999997338868e-08,1.9999999997338868e-08,1.9999999997338868e-08,1.9999999997338868e-08,1.9999999997338868e-08,1.9999999997338868e-08
RELAX,14.441773414611816,2290.8287608256046,1.9999999997338868e-08,1.9999999997338868e-08,1.9999999997338868e-08,1.9999999997338868e-08,1.9999999997338868e-08,1.9999999997338868e-08,1.9999999997338868e-08
RELAX,14.505103826522827,2290.8287608256046,1.9999999997338868e-08,1.9999999997338868e-08,1.9999999997338868e-08,1.9999999997338868e-08,1.9999999997338868e-08,1.9999999997338868e-08,1.9999999997338868e-08
RELAX,14.564939022064209,2450.0050834068547,1.9999999997338868e-08,1.9999999997338868e-08,1.9999999997338868e-08,1.9999999997338868e-08,1.9999999997338868e-08,1.9999999997338868e-08,1.9999999997338868e-08
RELAX,14.629801988601685,2450.0050834068547,1.9999999997338868e-08,1.9999999997338868e-08,1.9999999997338868e-08,1.9999999997338868e-08,1.9999999997338868e-08,1.9999999997338868e-08,1.9999999997338868e-08
RELAX,14.693632364273071,2450.0050834068547,1.9999999997338868e-08,1.9999999997338868e-08,1.9999999997338868e-08,1.9999999997338868e-08,1.9999999997338868e-08,1.9999999997338868e-08,1.9999999997338868e-08
RELAX,14.755470275878906,2450.0050834068547,1.9999999997338868e-08,1.9999999997338868e-08,1.9999999997338868e-08,1.9999999997338868e-08,1.9999999997338868e-08,1.9999999997338868e-08,1.9999999997338868e-08
RELAX,14.816274642944336,2450.0050834068547,1.9999999997338868e-08,1.9999999997338868e-08,1.9999999997338868e-08,1.9999999997338868e-08,1.9999999997338868e-08,1.9999999997338868e-08,1.9999999997338868e-08
RELAX,14.882127523422241,2450.0050834068547,1.9999999997338868e-08,1.9999999997338868e-08,1.9999999997338868e-08,1.9999999997338868e-08,1.9999999997338868e-08,1.9999999997338868e-08,1.9999999997338868e-08
RELAX,14.941939353942871,2450.0050834068547,1.9999999997338868e-08,1.9999999997338868e-08,1.9999999997338868e-08,1.9999999997338868e-08,1.9999999997338868e-08,1.9999999997338868e-08,1.9999999997338868e-08
RELAX,15.005762577056885,2450.0050834068547,1.9999999997338868e-08,1.9999999997338868e-08,1.9999999997338868e-08,1.9999999997338868e-08,1.9999999997338868e-08,1.9999999997338868e-08,1.9999999997338868e-08
RELAX,15.06611442565918,4918.094085440548,1.9999999997338868e-08,1.9999999997338868e-08,1.9999999997338868e-08,1.9999999997338868e-08,1.9999999997338868e-08,1.9999999997338868e-08,1.9999999997338868e-08
RELAX,15.130822658538818,4918.094085440548,1.9999999997338868e-08,1.9999999997338868e-08,1.9999999997338868e-08,1.9999999997338868e-08,1.9999999997338868e-08,1.9999999997338868e-08,1.9999999997338868e-08
RELAX,15.193697452545166,4918.094085440548,1.9999999997338868e-08,1.9999999997338868e-08,1.9999999997338868e-08,1.9999999997338868e-08,1.9999999997338868e-08,1.9999999997338868e-08,1.9999999997338868e-08
RELAX,15.258756637573242,4918.094085440548,1.9999999997338868e-08,1.9999999997338868e-08,1.9999999997338868e-08,1.9999999997338868e-08,1.9999999997338868e-08,1.9999999997338868e-08,1.9999999997338868e-08
RELAX,15.316156148910522,4918.094085440548,1.9999999997338868e-08,1.9999999997338868e-08,1.9999999997338868e-08,1.9999999997338868e-08,1.9999999997338868e-08,1.9999999997338868e-08,1.9999999997338868e-08
RELAX,15.378456830978394,4918.094085440548,1.9999999997338868e-08,1.9999999997338868e-08,1.9999999997338868e-08,1.9999999997338868e-08,1.9999999997338868e-08,1.9999999997338868e-08,1.9999999997338868e-08
RELAX,15.44118857383728,4918.094085440548,1.9999999997338868e-08,1.9999999997338868e-08,1.9999999997338868e-08,1.9999999997338868e-08,1.9999999997338868e-08,1.9999999997338868e-08,1.9999999997338868e-08
RELAX,15.50655746459961,11943.128523426958,1.9999999997338868e-08,1.9999999997338868e-08,1.9999999997338868e-08,1.9999999997338868e-08,1.9999999997338868e-08,1.9999999997338868e-08,1.9999999997338868e-08
RELAX,15.565394639968872,11943.128523426958,1.9999999997338868e-08,1.9999999997338868e-08,1.9999999997338868e-08,1.9999999997338868e-08,1.9999999997338868e-08,1.9999999997338868e-08,1.9999999997338868e-08
RELAX,15.629342079162598,11943.128523426958,1.9999999997338868e-08,1.9999999997338868e-08,1.9999999997338868e-08,1.9999999997338868e-08,1.9999999997338868e-08,1.9999999997338868e-08,1.9999999997338868e-08
RELAX,15.692173957824707,11943.128523426958,1.9999999997338868e-08,1.9999999997338868e-08,1.9999999997338868e-08,1.9999999997338868e-08,1.9999999997338868e-08,1.9999999997338868e-08,1.9999999997338868e-08
RELAX,15.757465124130249,11943.128523426958,1.9999999997338868e-08,1.9999999997338868e-08,1.9999999997338868e-08,1.9999999997338868e-08,1.9999999997338868e-08,1.9999999997338868e-08,1.9999999997338868e-08
RELAX,15.81534194946289,11943.128523426958,1.9999999997338868e-08,1.9999999997338868e-08,1.9999999997338868e-08,1.9999999997338868e-08,1.9999999997338868e-08,1.9999999997338868e-08,1.9999999997338868e-08
RELAX,15.883160591125488,11943.128523426958,1.9999999997338868e-08,1.9999999997338868e-08,1.9999999997338868e-08,1.9999999997338868e-08,1.9999999997338868e-08,1.9999999997338868e-08,1.9999999997338868e-08
RELAX,15.944027662277222,11943.128523426958,1.9999999997338868e-08,1.9999999997338868e-08,1.9999999997338868e-08,1.9999999997338868e-08,1.9999999997338868e-08,1.9999999997338868e-08,1.9999999997338868e-08
RELAX,16.00683069229126,17306.762803523816,1.9999999997338868e-08,1.9999999997338868e-08,1.9999999997338868e-08,1.9999999997338868e-08,1.9999999997338868e-08,1.9999999997338868e-08,1.9999999997338868e-08
RELAX,16.071386337280273,17306.762803523816,1.9999999997338868e-08,1.9999999997338868e-08,1.9999999997338868e-08,1.9999999997338868e-08,1.9999999997338868e-08,1.9999999997338868e-08,1.9999999997338868e-08
RELAX,16.13032102584839,17306.762803523816,1.9999999997338868e-08,1.9999999997338868e-08,1.9999999997338868e-08,1.9999999997338868e-08,1.9999999997338868e-08,1.9999999997338868e-08,1.9999999997338868e-08
RELAX,16.19256043434143,17306.762803523816,1.9999999997338868e-08,1.9999999997338868e-08,1.9999999997338868e-08,1.9999999997338868e-08,1.9999999997338868e-08,1.9999999997338868e-08,1.9999999997338868e-08
RELAX,16.25783634185791,17306.762803523816,1.9999999997338868e-08,1.9999999997338868e-08,1.9999999997338868e-08,1.9999999997338868e-08,1.9999999997338868e-08,1.9999999997338868e-08,1.9999999997338868e-08
RELAX,16.316131591796875,17306.762803523816,1.9999999997338868e-08,1.9999999997338868e-08,1.9999999997338868e-08,1.9999999997338868e-08,1.9999999997338868e-08,1.9999999997338868e-08,1.9999999997338868e-08
RELAX,16.377999782562256,17306.762803523816,1.9999999997338868e-08,1.9999999997338868e-08,1.9999999997338868e-08,1.9999999997338868e-08,1.9999999997338868e-08,1.9999999997338868e-08,1.9999999997338868e-08
RELAX,16.44286012649536,17306.762803523816,1.9999999997338868e-08,1.9999999997338868e-08,1.9999999997338868e-08,1.9999999997338868e-08,1.9999999997338868e-08,1.9999999997338868e-08,1.9999999997338868e-08
RELAX,16.503737211227417,8601.73130583166,1.9999999997338868e-08,1.9999999997338868e-08,1.9999999997338868e-08,1.9999999997338868e-08,1.9999999997338868e-08,1.9999999997338868e-08,1.9999999997338868e-08
RELAX,16.56662130355835,8601.73130583166,1.9999999997338868e-08,1.9999999997338868e-08,1.9999999997338868e-08,1.9999999997338868e-08,1.9999999997338868e-08,1.9999999997338868e-08,1.9999999997338868e-08
RELAX,16.630452632904053,8601.73130583166,1.9999999997338868e-08,1.9999999997338868e-08,1.9999999997338868e-08,1.9999999997338868e-08,1.9999999997338868e-08,1.9999999997338868e-08,1.9999999997338868e-08
RELAX,16.69128918647766,8601.73130583166,1.9999999997338868e-08,1.9999999997338868e-08,1.9999999997338868e-08,1.9999999997338868e-08,1.9999999997338868e-08,1.9999999997338868e-08,1.9999999997338868e-08
RELAX,16.757115364074707,8601.73130583166,1.9999999997338868e-08,1.9999999997338868e-08,1.9999999997338868e-08,1.9999999997338868e-08,1.9999999997338868e-08,1.9999999997338868e-08,1.9999999997338868e-08
RELAX,16.817949295043945,8601.73130583166,1.9999999997338868e-08,1.9999999997338868e-08,1.9999999997338868e-08,1.9999999997338868e-08,1.9999999997338868e-08,1.9999999997338868e-08,1.9999999997338868e-08
RELAX,16.879783630371094,8601.73130583166,1.9999999997338868e-08,1.9999999997338868e-08,1.9999999997338868e-08,1.9999999997338868e-08,1.9999999997338868e-08,1.9999999997338868e-08,1.9999999997338868e-08
RELAX,16.94261884689331,2455.0559183408127,1.9999999997338868e-08,1.9999999997338868e-08,1.9999999997338868e-08,1.9999999997338868e-08,1.9999999997338868e-08,1.9999999997338868e-08,1.9999999997338868e-08
RELAX,17.005573272705078,2455.0559183408127,1.9999999997338868e-08,1.9999999997338868e-08,1.9999999997338868e-08,1.9999999997338868e-08,1.9999999997338868e-08,1.9999999997338868e-08,1.9999999997338868e-08
RELAX,17.068408012390137,2455.0559183408127,1.9999999997338868e-08,1.9999999997338868e-08,1.9999999997338868e-08,1.9999999997338868e-08,1.9999999997338868e-08,1.9999999997338868e-08,1.9999999997338868e-08
RELAX,17.12977623939514,2455.0559183408127,1.9999999997338868e-08,1.9999999997338868e-08,1.9999999997338868e-08,1.9999999997338868e-08,1.9999999997338868e-08,1.9999999997338868e-08,1.9999999997338868e-08
RELAX,17.19212293624878,2455.0559183408127,1.9999999997338868e-08,1.9999999997338868e-08,1.9999999997338868e-08,1.9999999997338868e-08,1.9999999997338868e-08,1.9999999997338868e-08,1.9999999997338868e-08
RELAX,17.254409074783325,2455.0559183408127,1.9999999997338868e-08,1.9999999997338868e-08,1.9999999997338868e-08,1.9999999997338868e-08,1.9999999997338868e-08,1.9999999997338868e-08,1.9999999997338868e-08
RELAX,17.3153977394104,2455.0559183408127,1.9999999997338868e-08,1.9999999997338868e-08,1.9999999997338868e-08,1.9999999997338868e-08,1.9999999997338868e-08,1.9999999997338868e-08,1.9999999997338868e-08
RELAX,17.381354808807373,2455.0559183408127,1.9999999997338868e-08,1.9999999997338868e-08,1.9999999997338868e-08,1.9999999997338868e-08,1.9999999997338868e-08,1.9999999997338868e-08,1.9999999997338868e-08
RELAX,17.441168785095215,679.5002325667897,1.9999999997338868e-08,1.9999999997338868e-08,1.9999999997338868e-08,1.9999999997338868e-08,1.9999999997338868e-08,1.9999999997338868e-08,1.9999999997338868e-08
RELAX,17.506662607192993,679.5002325667897,1.9999999997338868e-08,1.9999999997338868e-08,1.9999999997338868e-08,1.9999999997338868e-08,1.9999999997338868e-08,1.9999999997338868e-08,1.9999999997338868e-08
RELAX,17.567453145980835,679.5002325667897,1.9999999997338868e-08,1.9999999997338868e-08,1.9999999997338868e-08,1.9999999997338868e-08,1.9999999997338868e-08,1.9999999997338868e-08,1.9999999997338868e-08
RELAX,17.631003379821777,679.5002325667897,1.9999999997338868e-08,1.9999999997338868e-08,1.9999999997338868e-08,1.9999999997338868e-08,1.9999999997338868e-08,1.9999999997338868e-08,1.9999999997338868e-08
RELAX,17.692999124526978,679.5002325667897,1.9999999997338868e-08,1.9999999997338868e-08,1.9999999997338868e-08,1.9999999997338868e-08,1.9999999997338868e-08,1.9999999997338868e-08,1.9999999997338868e-08
RELAX,17.757697343826294,679.5002325667897,1.9999999997338868e-08,1.9999999997338868e-08,1.9999999997338868e-08,1.9999999997338868e-08,1.9999999997338868e-08,1.9999999997338868e-08,1.9999999997338868e-08
RELAX,17.81786847114563,679.5002325667897,1.9999999997338868e-08,1.9999999997338868e-08,1.9999999997338868e-08,1.9999999997338868e-08,1.9999999997338868e-08,1.9999999997338868e-08,1.9999999997338868e-08
RELAX,17.88104224205017,679.5002325667897,1.9999999997338868e-08,1.9999999997338868e-08,1.9999999997338868e-08,1.9999999997338868e-08,1.9999999997338868e-08,1.9999999997338868e-08,1.9999999997338868e-08
RELAX,17.943795204162598,1585.7657374272333,1.9999999997338868e-08,1.9999999997338868e-08,1.9999999997338868e-08,1.9999999997338868e-08,1.9999999997338868e-08,1.9999999997338868e-08,1.9999999997338868e-08
RELAX,18.006189823150635,1585.7657374272333,1.9999999997338868e-08,1.9999999997338868e-08,1.9999999997338868e-08,1.9999999997338868e-08,1.9999999997338868e-08,1.9999999997338868e-08,1.9999999997338868e-08
RELAX,18.06642985343933,1585.7657374272333,1.9999999997338868e-08,1.9999999997338868e-08,1.9999999997338868e-08,1.9999999997338868e-08,1.9999999997338868e-08,1.9999999997338868e-08,1.9999999997338868e-08
RELAX,18.131061792373657,1585.7657374272333,1.9999999997338868e-08,1.9999999997338868e-08,1.9999999997338868e-08,1.9999999997338868e-08,1.9999999997338868e-08,1.9999999997338868e-08,1.9999999997338868e-08
RELAX,18.191827058792114,1585.7657374272333,1.9999999997338868e-08,1.9999999997338868e-08,1.9999999997338868e-08,1.9999999997338868e-08,1.9999999997338868e-08,1.9999999997338868e-08,1.9999999997338868e-08
RELAX,18.253702640533447,1585.7657374272333,1.9999999997338868e-08,1.9999999997338868e-08,1.9999999997338868e-08,1.9999999997338868e-08,1.9999999997338868e-08,1.9999999997338868e-08,1.9999999997338868e-08
RELAX,18.315956830978394,1585.7657374272333,1.9999999997338868e-08,1.9999999997338868e-08,1.9999999997338868e-08,1.9999999997338868e-08,1.9999999997338868e-08,1.9999999997338868e-08,1.9999999997338868e-08
RELAX,18.3797550201416,8685.951156490657,1.9999999997338868e-08,1.9999999997338868e-08,1.9999999997338868e-08,1.9999999997338868e-08,1.9999999997338868e-08,1.9999999997338868e-08,1.9999999997338868e-08
RELAX,18.442468404769897,8685.951156490657,1.9999999997338868e-08,1.9999999997338868e-08,1.9999999997338868e-08,1.9999999997338868e-08,1.9999999997338868e-08,1.9999999997338868e-08,1.9999999997338868e-08
RELAX,18.50432538986206,8685.951156490657,1.9999999997338868e-08,1.9999999997338868e-08,1.9999999997338868e-08,1.9999999997338868e-08,1.9999999997338868e-08,1.9999999997338868e-08,1.9999999997338868e-08
RELAX,18.56867241859436,8685.951156490657,1.9999999997338868e-08,1.9999999997338868e-08,1.9999999997338868e-08,1.9999999997338868e-08,1.9999999997338868e-08,1.9999999997338868e-08,1.9999999997338868e-08
RELAX,18.63103437423706,8685.951156490657,1.9999999997338868e-08,1.9999999997338868e-08,1.9999999997338868e-08,1.9999999997338868e-08,1.9999999997338868e-08,1.9999999997338868e-08,1.9999999997338868e-08
RELAX,18.693926095962524,8685.951156490657,1.9999999997338868e-08,1.9999999997338868e-08,1.9999999997338868e-08,1.9999999997338868e-08,1.9999999997338868e-08,1.9999999997338868e-08,1.9999999997338868e-08
RELAX,18.753461599349976,8685.951156490657,1.9999999997338868e-08,1.9999999997338868e-08,1.9999999997338868e-08,1.9999999997338868e-08,1.9999999997338868e-08,1.9999999997338868e-08,1.9999999997338868e-08
RELAX,18.817469596862793,8685.951156490657,1.9999999997338868e-08,1.9999999997338868e-08,1.9999999997338868e-08,1.9999999997338868e-08,1.9999999997338868e-08,1.9999999997338868e-08,1.9999999997338868e-08
RELAX,18.881309509277344,5493.689980242599,1.9999999997338868e-08,1.9999999997338868e-08,1.9999999997338868e-08,1.9999999997338868e-08,1.9999999997338868e-08,1.9999999997338868e-08,1.9999999997338868e-08
RELAX,18.942326545715332,5493.689980242599,1.9999999997338868e-08,1.9999999997338868e-08,1.9999999997338868e-08,1.9999999997338868e-08,1.9999999997338868e-08,1.9999999997338868e-08,1.9999999997338868e-08
RELAX,19.0042667388916,5493.689980242599,1.9999999997338868e-08,1.9999999997338868e-08,1.9999999997338868e-08,1.9999999997338868e-08,1.9999999997338868e-08,1.9999999997338868e-08,1.9999999997338868e-08
RELAX,19.065600395202637,5493.689980242599,1.9999999997338868e-08,1.9999999997338868e-08,1.9999999997338868e-08,1.9999999997338868e-08,1.9999999997338868e-08,1.9999999997338868e-08,1.9999999997338868e-08
RELAX,19.12839913368225,5493.689980242599,1.9999999997338868e-08,1.9999999997338868e-08,1.9999999997338868e-08,1.9999999997338868e-08,1.9999999997338868e-08,1.9999999997338868e-08,1.9999999997338868e-08
RELAX,19.191789150238037,5493.689980242599,1.9999999997338868e-08,1.9999999997338868e-08,1.9999999997338868e-08,1.9999999997338868e-08,1.9999999997338868e-08,1.9999999997338868e-08,1.9999999997338868e-08
RELAX,19.253686666488647,5493.689980242599,1.9999999997338868e-08,1.9999999997338868e-08,1.9999999997338868e-08,1.9999999997338868e-08,1.9999999997338868e-08,1.9999999997338868e-08,1.9999999997338868e-08
RELAX,19.31562900543213,5493.689980242599,1.9999999997338868e-08,1.9999999997338868e-08,1.9999999997338868e-08,1.9999999997338868e-08,1.9999999997338868e-08,1.9999999997338868e-08,1.9999999997338868e-08
RELAX,19.379484176635742,5355.301286489381,1.9999999997338868e-08,1.9999999997338868e-08,1.9999999997338868e-08,1.9999999997338868e-08,1.9999999997338868e-08,1.9999999997338868e-08,1.9999999997338868e-08
RELAX,19.443466186523438,5355.301286489381,1.9999999997338868e-08,1.9999999997338868e-08,1.9999999997338868e-08,1.9999999997338868e-08,1.9999999997338868e-08,1.9999999997338868e-08,1.9999999997338868e-08
RELAX,19.506117820739746,5355.301286489381,1.9999999997338868e-08,1.9999999997338868e-08,1.9999999997338868e-08,1.9999999997338868e-08,1.9999999997338868e-08,1.9999999997338868e-08,1.9999999997338868e-08
RELAX,19.566609144210815,5355.301286489381,1.9999999997338868e-08,1.9999999997338868e-08,1.9999999997338868e-08,1.9999999997338868e-08,1.9999999997338868e-08,1.9999999997338868e-08,1.9999999997338868e-08
RELAX,19.628804206848145,5355.301286489381,1.9999999997338868e-08,1.9999999997338868e-08,1.9999999997338868e-08,1.9999999997338868e-08,1.9999999997338868e-08,1.9999999997338868e-08,1.9999999997338868e-08
RELAX,19.69316840171814,5355.301286489381,1.9999999997338868e-08,1.9999999997338868e-08,1.9999999997338868e-08,1.9999999997338868e-08,1.9999999997338868e-08,1.9999999997338868e-08,1.9999999997338868e-08
RELAX,19.756632804870605,5355.301286489381,1.9999999997338868e-08,1.9999999997338868e-08,1.9999999997338868e-08,1.9999999997338868e-08,1.9999999997338868e-08,1.9999999997338868e-08,1.9999999997338868e-08
RELAX,19.8172709941864,5355.301286489381,1.9999999997338868e-08,1.9999999997338868e-08,1.9999999997338868e-08,1.9999999997338868e-08,1.9999999997338868e-08,1.9999999997338868e-08,1.9999999997338868e-08
RELAX,19.878137350082397,5169.718800827422,1.9999999997338868e-08,1.9999999997338868e-08,1.9999999997338868e-08,1.9999999997338868e-08,1.9999999997338868e-08,1.9999999997338868e-08,1.9999999997338868e-08
RELAX,19.943779706954956,5169.718800827422,1.9999999997338868e-08,1.9999999997338868e-08,1.9999999997338868e-08,1.9999999997338868e-08,1.9999999997338868e-08,1.9999999997338868e-08,1.9999999997338868e-08
RELAX,20.003493785858154,5169.718800827422,1.9999999997338868e-08,1.9999999997338868e-08,1.9999999997338868e-08,1.9999999997338868e-08,1.9999999997338868e-08,1.9999999997338868e-08,1.9999999997338868e-08
RELAX,20.068917512893677,5169.718800827422,1.9999999997338868e-08,1.9999999997338868e-08,1.9999999997338868e-08,1.9999999997338868e-08,1.9999999997338868e-08,1.9999999997338868e-08,1.9999999997338868e-08
RELAX,20.13194966316223,5169.718800827422,1.9999999997338868e-08,1.9999999997338868e-08,1.9999999997338868e-08,1.9999999997338868e-08,1.9999999997338868e-08,1.9999999997338868e-08,1.9999999997338868e-08
RELAX,20.193826913833618,5169.718800827422,1.9999999997338868e-08,1.9999999997338868e-08,1.9999999997338868e-08,1.9999999997338868e-08,1.9999999997338868e-08,1.9999999997338868e-08,1.9999999997338868e-08
RELAX,20.257691621780396,5169.718800827422,1.9999999997338868e-08,1.9999999997338868e-08,1.9999999997338868e-08,1.9999999997338868e-08,1.9999999997338868e-08,1.9999999997338868e-08,1.9999999997338868e-08
RELAX,20.31525444984436,1679.8543858420755,1.9999999997338868e-08,1.9999999997338868e-08,1.9999999997338868e-08,1.9999999997338868e-08,1.9999999997338868e-08,1.9999999997338868e-08,1.9999999997338868e-08
RELAX,20.37914776802063,1679.8543858420755,1.9999999997338868e-08,1.9999999997338868e-08,1.9999999997338868e-08,1.9999999997338868e-08,1.9999999997338868e-08,1.9999999997338868e-08,1.9999999997338868e-08
RELAX,20.44202971458435,1679.8543858420755,1.9999999997338868e-08,1.9999999997338868e-08,1.9999999997338868e-08,1.9999999997338868e-08,1.9999999997338868e-08,1.9999999997338868e-08,1.9999999997338868e-08
RELAX,20.50546884536743,1679.8543858420755,1.9999999997338868e-08,1.9999999997338868e-08,1.9999999997338868e-08,1.9999999997338868e-08,1.9999999997338868e-08,1.9999999997338868e-08,1.9999999997338868e-08
RELAX,20.5699462890625,1679.8543858420755,1.9999999997338868e-08,1.9999999997338868e-08,1.9999999997338868e-08,1.9999999997338868e-08,1.9999999997338868e-08,1.9999999997338868e-08,1.9999999997338868e-08
RELAX,20.629746198654175,1679.8543858420755,1.9999999997338868e-08,1.9999999997338868e-08,1.9999999997338868e-08,1.9999999997338868e-08,1.9999999997338868e-08,1.9999999997338868e-08,1.9999999997338868e-08
RELAX,20.694456577301025,1679.8543858420755,1.9999999997338868e-08,1.9999999997338868e-08,1.9999999997338868e-08,1.9999999997338868e-08,1.9999999997338868e-08,1.9999999997338868e-08,1.9999999997338868e-08
RELAX,20.75595259666443,1679.8543858420755,1.9999999997338868e-08,1.9999999997338868e-08,1.9999999997338868e-08,1.9999999997338868e-08,1.9999999997338868e-08,1.9999999997338868e-08,1.9999999997338868e-08
RELAX,20.81497311592102,1125.976804019559,1.9999999997338868e-08,1.9999999997338868e-08,1.9999999997338868e-08,1.9999999997338868e-08,1.9999999997338868e-08,1.9999999997338868e-08,1.9999999997338868e-08
RELAX,20.87984323501587,1125.976804019559,1.9999999997338868e-08,1.9999999997338868e-08,1.9999999997338868e-08,1.9999999997338868e-08,1.9999999997338868e-08,1.9999999997338868e-08,1.9999999997338868e-08
RELAX,20.944695949554443,1125.976804019559,1.9999999997338868e-08,1.9999999997338868e-08,1.9999999997338868e-08,1.9999999997338868e-08,1.9999999997338868e-08,1.9999999997338868e-08,1.9999999997338868e-08
RELAX,21.008083820343018,1125.976804019559,1.9999999997338868e-08,1.9999999997338868e-08,1.9999999997338868e-08,1.9999999997338868e-08,1.9999999997338868e-08,1.9999999997338868e-08,1.9999999997338868e-08
RELAX,21.066737174987793,1125.976804019559,1.9999999997338868e-08,1.9999999997338868e-08,1.9999999997338868e-08,1.9999999997338868e-08,1.9999999997338868e-08,1.9999999997338868e-08,1.9999999997338868e-08
RELAX,21.13003158569336,1125.976804019559,1.9999999997338868e-08,1.9999999997338868e-08,1.9999999997338868e-08,1.9999999997338868e-08,1.9999999997338868e-08,1.9999999997338868e-08,1.9999999997338868e-08
RELAX,21.194855213165283,1125.976804019559,1.9999999997338868e-08,1.9999999997338868e-08,1.9999999997338868e-08,1.9999999997338868e-08,1.9999999997338868e-08,1.9999999997338868e-08,1.9999999997338868e-08
RELAX,21.25397777557373,1125.976804019559,1.9999999997338868e-08,1.9999999997338868e-08,1.9999999997338868e-08,1.9999999997338868e-08,1.9999999997338868e-08,1.9999999997338868e-08,1.9999999997338868e-08
RELAX,21.315714120864868,1885.7150604470382,1.9999999997338868e-08,1.9999999997338868e-08,1.9999999997338868e-08,1.9999999997338868e-08,1.9999999997338868e-08,1.9999999997338868e-08,1.9999999997338868e-08
RELAX,21.378857374191284,1885.7150604470382,1.9999999997338868e-08,1.9999999997338868e-08,1.9999999997338868e-08,1.9999999997338868e-08,1.9999999997338868e-08,1.9999999997338868e-08,1.9999999997338868e-08
RELAX,21.441546201705933,1885.7150604470382,1.9999999997338868e-08,1.9999999997338868e-08,1.9999999997338868e-08,1.9999999997338868e-08,1.9999999997338868e-08,1.9999999997338868e-08,1.9999999997338868e-08
RELAX,21.504937887191772,1885.7150604470382,1.9999999997338868e-08,1.9999999997338868e-08,1.9999999997338868e-08,1.9999999997338868e-08,1.9999999997338868e-08,1.9999999997338868e-08,1.9999999997338868e-08
RELAX,21.565908670425415,1885.7150604470382,1.9999999997338868e-08,1.9999999997338868e-08,1.9999999997338868e-08,1.9999999997338868e-08,1.9999999997338868e-08,1.9999999997338868e-08,1.9999999997338868e-08
RELAX,21.630216360092163,1885.7150604470382,1.9999999997338868e-08,1.9999999997338868e-08,1.9999999997338868e-08,1.9999999997338868e-08,1.9999999997338868e-08,1.9999999997338868e-08,1.9999999997338868e-08
RELAX,21.69505476951599,1885.7150604470382,1.9999999997338868e-08,1.9999999997338868e-08,1.9999999997338868e-08,1.9999999997338868e-08,1.9999999997338868e-08,1.9999999997338868e-08,1.9999999997338868e-08
RELAX,21.75494885444641,1958.930356437593,1.9999999997338868e-08,1.9999999997338868e-08,1.9999999997338868e-08,1.9999999997338868e-08,1.9999999997338868e-08,1.9999999997338868e-08,1.9999999997338868e-08
RELAX,21.81685757637024,1958.930356437593,1.9999999997338868e-08,1.9999999997338868e-08,1.9999999997338868e-08,1.9999999997338868e-08,1.9999999997338868e-08,1.9999999997338868e-08,1.9999999997338868e-08
RELAX,21.878386735916138,1958.930356437593,1.9999999997338868e-08,1.9999999997338868e-08,1.9999999997338868e-08,1.9999999997338868e-08,1.9999999997338868e-08,1.9999999997338868e-08,1.9999999997338868e-08
RELAX,21.941153049468994,1958.930356437593,1.9999999997338868e-08,1.9999999997338868e-08,1.9999999997338868e-08,1.9999999997338868e-08,1.9999999997338868e-08,1.9999999997338868e-08,1.9999999997338868e-08
RELAX,22.00277090072632,1958.930356437593,1.9999999997338868e-08,1.9999999997338868e-08,1.9999999997338868e-08,1.9999999997338868e-08,1.9999999997338868e-08,1.9999999997338868e-08,1.9999999997338868e-08
RELAX,22.068822145462036,1958.930356437593,1.9999999997338868e-08,1.9999999997338868e-08,1.9999999997338868e-08,1.9999999997338868e-08,1.9999999997338868e-08,1.9999999997338868e-08,1.9999999997338868e-08
RELAX,22.131771564483643,1958.930356437593,1.9999999997338868e-08,1.9999999997338868e-08,1.9999999997338868e-08,1.9999999997338868e-08,1.9999999997338868e-08,1.9999999997338868e-08,1.9999999997338868e-08
RELAX,22.191792488098145,1958.930356437593,1.9999999997338868e-08,1.9999999997338868e-08,1.9999999997338868e-08,1.9999999997338868e-08,1.9999999997338868e-08,1.9999999997338868e-08,1.9999999997338868e-08
RELAX,22.256125926971436,2061.4378419362197,1.9999999997338868e-08,1.9999999997338868e-08,1.9999999997338868e-08,1.9999999997338868e-08,1.9999999997338868e-08,1.9999999997338868e-08,1.9999999997338868e-08
RELAX,22.315725088119507,2061.4378419362197,1.9999999997338868e-08,1.9999999997338868e-08,1.9999999997338868e-08,1.9999999997338868e-08,1.9999999997338868e-08,1.9999999997338868e-08,1.9999999997338868e-08
RELAX,22.382136344909668,2061.4378419362197,1.9999999997338868e-08,1.9999999997338868e-08,1.9999999997338868e-08,1.9999999997338868e-08,1.9999999997338868e-08,1.9999999997338868e-08,1.9999999997338868e-08
RELAX,22.441389799118042,2061.4378419362197,1.9999999997338868e-08,1.9999999997338868e-08,1.9999999997338868e-08,1.9999999997338868e-08,1.9999999997338868e-08,1.9999999997338868e-08,1.9999999997338868e-08
RELAX,22.505760669708252,2061.4378419362197,1.9999999997338868e-08,1.9999999997338868e-08,1.9999999997338868e-08,1.9999999997338868e-08,1.9999999997338868e-08,1.9999999997338868e-08,1.9999999997338868e-08
RELAX,22.56586194038391,2061.4378419362197,1.9999999997338868e-08,1.9999999997338868e-08,1.9999999997338868e-08,1.9999999997338868e-08,1.9999999997338868e-08,1.9999999997338868e-08,1.9999999997338868e-08
RELAX,22.630887746810913,2061.4378419362197,1.9999999997338868e-08,1.9999999997338868e-08,1.9999999997338868e-08,1.9999999997338868e-08,1.9999999997338868e-08,1.9999999997338868e-08,1.9999999997338868e-08
RELAX,22.693712949752808,2061.4378419362197,1.9999999997338868e-08,1.9999999997338868e-08,1.9999999997338868e-08,1.9999999997338868e-08,1.9999999997338868e-08,1.9999999997338868e-08,1.9999999997338868e-08
RELAX,22.753288507461548,2474.46355000987,1.9999999997338868e-08,1.9999999997338868e-08,1.9999999997338868e-08,1.9999999997338868e-08,1.9999999997338868e-08,1.9999999997338868e-08,1.9999999997338868e-08
RELAX,22.819324016571045,2474.46355000987,1.9999999997338868e-08,1.9999999997338868e-08,1.9999999997338868e-08,1.9999999997338868e-08,1.9999999997338868e-08,1.9999999997338868e-08,1.9999999997338868e-08
RELAX,22.87927532196045,2474.46355000987,1.9999999997338868e-08,1.9999999997338868e-08,1.9999999997338868e-08,1.9999999997338868e-08,1.9999999997338868e-08,1.9999999997338868e-08,1.9999999997338868e-08
RELAX,22.942009925842285,2474.46355000987,1.9999999997338868e-08,1.9999999997338868e-08,1.9999999997338868e-08,1.9999999997338868e-08,1.9999999997338868e-08,1.9999999997338868e-08,1.9999999997338868e-08
RELAX,23.00589680671692,2474.46355000987,1.9999999997338868e-08,1.9999999997338868e-08,1.9999999997338868e-08,1.9999999997338868e-08,1.9999999997338868e-08,1.9999999997338868e-08,1.9999999997338868e-08
RELAX,23.067808628082275,2474.46355000987,1.9999999997338868e-08,1.9999999997338868e-08,1.9999999997338868e-08,1.9999999997338868e-08,1.9999999997338868e-08,1.9999999997338868e-08,1.9999999997338868e-08
RELAX,23.130988597869873,2474.46355000987,1.9999999997338868e-08,1.9999999997338868e-08,1.9999999997338868e-08,1.9999999997338868e-08,1.9999999997338868e-08,1.9999999997338868e-08,1.9999999997338868e-08
RELAX,23.195378065109253,2506.1441055124733,1.9999999997338868e-08,1.9999999997338868e-08,1.9999999997338868e-08,1.9999999997338868e-08,1.9999999997338868e-08,1.9999999997338868e-08,1.9999999997338868e-08
RELAX,23.252849578857422,2506.1441055124733,1.9999999997338868e-08,1.9999999997338868e-08,1.9999999997338868e-08,1.9999999997338868e-08,1.9999999997338868e-08,1.9999999997338868e-08,1.9999999997338868e-08
RELAX,23.316170930862427,2506.1441055124733,1.9999999997338868e-08,1.9999999997338868e-08,1.9999999997338868e-08,1.9999999997338868e-08,1.9999999997338868e-08,1.9999999997338868e-08,1.9999999997338868e-08
RELAX,23.381181240081787,2506.1441055124733,1.9999999997338868e-08,1.9999999997338868e-08,1.9999999997338868e-08,1.9999999997338868e-08,1.9999999997338868e-08,1.9999999997338868e-08,1.9999999997338868e-08
RELAX,23.440489053726196,2506.1441055124733,1.9999999997338868e-08,1.9999999997338868e-08,1.9999999997338868e-08,1.9999999997338868e-08,1.9999999997338868e-08,1.9999999997338868e-08,1.9999999997338868e-08
RELAX,23.50593590736389,2506.1441055124733,1.9999999997338868e-08,1.9999999997338868e-08,1.9999999997338868e-08,1.9999999997338868e-08,1.9999999997338868e-08,1.9999999997338868e-08,1.9999999997338868e-08
RELAX,23.565865993499756,2506.1441055124733,1.9999999997338868e-08,1.9999999997338868e-08,1.9999999997338868e-08,1.9999999997338868e-08,1.9999999997338868e-08,1.9999999997338868e-08,1.9999999997338868e-08
RELAX,23.629753828048706,2506.1441055124733,1.9999999997338868e-08,1.9999999997338868e-08,1.9999999997338868e-08,1.9999999997338868e-08,1.9999999997338868e-08,1.9999999997338868e-08,1.9999999997338868e-08
RELAX,23.694355487823486,860.014995783053,1.9999999997338868e-08,1.9999999997338868e-08,1.9999999997338868e-08,1.9999999997338868e-08,1.9999999997338868e-08,1.9999999997338868e-08,1.9999999997338868e-08
RELAX,23.753767728805542,860.014995783053,1.9999999997338868e-08,1.9999999997338868e-08,1.9999999997338868e-08,1.9999999997338868e-08,1.9999999997338868e-08,1.9999999997338868e-08,1.9999999997338868e-08
RELAX,23.817405939102173,860.014995783053,1.9999999997338868e-08,1.9999999997338868e-08,1.9999999997338868e-08,1.9999999997338868e-08,1.9999999997338868e-08,1.9999999997338868e-08,1.9999999997338868e-08
RELAX,23.880903005599976,860.014995783053,1.9999999997338868e-08,1.9999999997338868e-08,1.9999999997338868e-08,1.9999999997338868e-08,1.9999999997338868e-08,1.9999999997338868e-08,1.9999999997338868e-08
RELAX,23.94465923309326,860.014995783053,1.9999999997338868e-08,1.9999999997338868e-08,1.9999999997338868e-08,1.9999999997338868e-08,1.9999999997338868e-08,1.9999999997338868e-08,1.9999999997338868e-08
RELAX,24.002829551696777,860.014995783053,1.9999999997338868e-08,1.9999999997338868e-08,1.9999999997338868e-08,1.9999999997338868e-08,1.9999999997338868e-08,1.9999999997338868e-08,1.9999999997338868e-08
RELAX,24.06588315963745,860.014995783053,1.9999999997338868e-08,1.9999999997338868e-08,1.9999999997338868e-08,1.9999999997338868e-08,1.9999999997338868e-08,1.9999999997338868e-08,1.9999999997338868e-08
RELAX,24.132318019866943,860.014995783053,1.9999999997338868e-08,1.9999999997338868e-08,1.9999999997338868e-08,1.9999999997338868e-08,1.9999999997338868e-08,1.9999999997338868e-08,1.9999999997338868e-08
RELAX,24.193209886550903,1878.207266745411,1.9999999997338868e-08,1.9999999997338868e-08,1.9999999997338868e-08,1.9999999997338868e-08,1.9999999997338868e-08,1.9999999997338868e-08,1.9999999997338868e-08
RELAX,24.253210067749023,1878.207266745411,1.9999999997338868e-08,1.9999999997338868e-08,1.9999999997338868e-08,1.9999999997338868e-08,1.9999999997338868e-08,1.9999999997338868e-08,1.9999999997338868e-08
RELAX,24.31581711769104,1878.207266745411,1.9999999997338868e-08,1.9999999997338868e-08,1.9999999997338868e-08,1.9999999997338868e-08,1.9999999997338868e-08,1.9999999997338868e-08,1.9999999997338868e-08
RELAX,24.379897356033325,1878.207266745411,1.9999999997338868e-08,1.9999999997338868e-08,1.9999999997338868e-08,1.9999999997338868e-08,1.9999999997338868e-08,1.9999999997338868e-08,1.9999999997338868e-08
RELAX,24.44261336326599,1878.207266745411,1.9999999997338868e-08,1.9999999997338868e-08,1.9999999997338868e-08,1.9999999997338868e-08,1.9999999997338868e-08,1.9999999997338868e-08,1.9999999997338868e-08
RELAX,24.505743265151978,1878.207266745411,1.9999999997338868e-08,1.9999999997338868e-08,1.9999999997338868e-08,1.9999999997338868e-08,1.9999999997338868e-08,1.9999999997338868e-08,1.9999999997338868e-08
RELAX,24.566689252853394,1878.207266745411,1.9999999997338868e-08,1.9999999997338868e-08,1.9999999997338868e-08,1.9999999997338868e-08,1.9999999997338868e-08,1.9999999997338868e-08,1.9999999997338868e-08
RELAX,24.630616426467896,2263.3681585863915,1.9999999997338868e-08,1.9999999997338868e-08,1.9999999997338868e-08,1.9999999997338868e-08,1.9999999997338868e-08,1.9999999997338868e-08,1.9999999997338868e-08
RELAX,24.69167160987854,2263.3681585863915,1.9999999997338868e-08,1.9999999997338868e-08,1.9999999997338868e-08,1.9999999997338868e-08,1.9999999997338868e-08,1.9999999997338868e-08,1.9999999997338868e-08
RELAX,24.754635334014893,2263.3681585863915,1.9999999997338868e-08,1.9999999997338868e-08,1.9999999997338868e-08,1.9999999997338868e-08,1.9999999997338868e-08,1.9999999997338868e-08,1.9999999997338868e-08
RELAX,24.817293167114258,2263.3681585863915,1.9999999997338868e-08,1.9999999997338868e-08,1.9999999997338868e-08,1.9999999997338868e-08,1.9999999997338868e-08,1.9999999997338868e-08,1.9999999997338868e-08
RELAX,24.881109714508057,2263.3681585863915,1.9999999997338868e-08,1.9999999997338868e-08,1.9999999997338868e-08,1.9999999997338868e-08,1.9999999997338868e-08,1.9999999997338868e-08,1.9999999997338868e-08
RELAX,24.94039821624756,2263.3681585863915,1.9999999997338868e-08,1.9999999997338868e-08,1.9999999997338868e-08,1.9999999997338868e-08,1.9999999997338868e-08,1.9999999997338868e-08,1.9999999997338868e-08
RELAX,25.005458116531372,2263.3681585863915,1.9999999997338868e-08,1.9999999997338868e-08,1.9999999997338868e-08,1.9999999997338868e-08,1.9999999997338868e-08,1.9999999997338868e-08,1.9999999997338868e-08
RELAX,25.06643581390381,2263.3681585863915,1.9999999997338868e-08,1.9999999997338868e-08,1.9999999997338868e-08,1.9999999997338868e-08,1.9999999997338868e-08,1.9999999997338868e-08,1.9999999997338868e-08
RELAX,25.13031530380249,2560.919330241619,1.9999999997338868e-08,1.9999999997338868e-08,1.9999999997338868e-08,1.9999999997338868e-08,1.9999999997338868e-08,1.9999999997338868e-08,1.9999999997338868e-08
RELAX,25.193306922912598,2560.919330241619,1.9999999997338868e-08,1.9999999997338868e-08,1.9999999997338868e-08,1.9999999997338868e-08,1.9999999997338868e-08,1.9999999997338868e-08,1.9999999997338868e-08
RELAX,25.255338191986084,2560.919330241619,1.9999999997338868e-08,1.9999999997338868e-08,1.9999999997338868e-08,1.9999999997338868e-08,1.9999999997338868e-08,1.9999999997338868e-08,1.9999999997338868e-08
RELAX,25.316154718399048,2560.919330241619,1.9999999997338868e-08,1.9999999997338868e-08,1.9999999997338868e-08,1.9999999997338868e-08,1.9999999997338868e-08,1.9999999997338868e-08,1.9999999997338868e-08
RELAX,25.377493381500244,2560.919330241619,1.9999999997338868e-08,1.9999999997338868e-08,1.9999999997338868e-08,1.9999999997338868e-08,1.9999999997338868e-08,1.9999999997338868e-08,1.9999999997338868e-08
RELAX,25.441148042678833,2560.919330241619,1.9999999997338868e-08,1.9999999997338868e-08,1.9999999997338868e-08,1.9999999997338868e-08,1.9999999997338868e-08,1.9999999997338868e-08,1.9999999997338868e-08
RELAX,25.503368377685547,2560.919330241619,1.9999999997338868e-08,1.9999999997338868e-08,1.9999999997338868e-08,1.9999999997338868e-08,1.9999999997338868e-08,1.9999999997338868e-08,1.9999999997338868e-08
RELAX,25.56713080406189,2560.919330241619,1.9999999997338868e-08,1.9999999997338868e-08,1.9999999997338868e-08,1.9999999997338868e-08,1.9999999997338868e-08,1.9999999997338868e-08,1.9999999997338868e-08
RELAX,25.630030393600464,7990.416504262512,1.9999999997338868e-08,1.9999999997338868e-08,1.9999999997338868e-08,1.9999999997338868e-08,1.9999999997338868e-08,1.9999999997338868e-08,1.9999999997338868e-08
RELAX,25.692022800445557,7990.416504262512,1.9999999997338868e-08,1.9999999997338868e-08,1.9999999997338868e-08,1.9999999997338868e-08,1.9999999997338868e-08,1.9999999997338868e-08,1.9999999997338868e-08
RELAX,25.756717920303345,7990.416504262512,1.9999999997338868e-08,1.9999999997338868e-08,1.9999999997338868e-08,1.9999999997338868e-08,1.9999999997338868e-08,1.9999999997338868e-08,1.9999999997338868e-08
RELAX,25.815260410308838,7990.416504262512,1.9999999997338868e-08,1.9999999997338868e-08,1.9999999997338868e-08,1.9999999997338868e-08,1.9999999997338868e-08,1.9999999997338868e-08,1.9999999997338868e-08
RELAX,25.878262281417847,7990.416504262512,1.9999999997338868e-08,1.9999999997338868e-08,1.9999999997338868e-08,1.9999999997338868e-08,1.9999999997338868e-08,1.9999999997338868e-08,1.9999999997338868e-08
RELAX,25.942241668701172,7990.416504262512,1.9999999997338868e-08,1.9999999997338868e-08,1.9999999997338868e-08,1.9999999997338868e-08,1.9999999997338868e-08,1.9999999997338868e-08,1.9999999997338868e-08
RELAX,26.003887176513672,7990.416504262512,1.9999999997338868e-08,1.9999999997338868e-08,1.9999999997338868e-08,1.9999999997338868e-08,1.9999999997338868e-08,1.9999999997338868e-08,1.9999999997338868e-08
RELAX,26.06811237335205,8465.853342650233,1.9999999997338868e-08,1.9999999997338868e-08,1.9999999997338868e-08,1.9999999997338868e-08,1.9999999997338868e-08,1.9999999997338868e-08,1.9999999997338868e-08
RELAX,26.130372524261475,8465.853342650233,1.9999999997338868e-08,1.9999999997338868e-08,1.9999999997338868e-08,1.9999999997338868e-08,1.9999999997338868e-08,1.9999999997338868e-08,1.9999999997338868e-08
RELAX,26.193808794021606,8465.853342650233,1.9999999997338868e-08,1.9999999997338868e-08,1.9999999997338868e-08,1.9999999997338868e-08,1.9999999997338868e-08,1.9999999997338868e-08,1.9999999997338868e-08
RELAX,26.253369331359863,8465.853342650233,1.9999999997338868e-08,1.9999999997338868e-08,1.9999999997338868e-08,1.9999999997338868e-08,1.9999999997338868e-08,1.9999999997338868e-08,1.9999999997338868e-08
RELAX,26.318140029907227,8465.853342650233,1.9999999997338868e-08,1.9999999997338868e-08,1.9999999997338868e-08,1.9999999997338868e-08,1.9999999997338868e-08,1.9999999997338868e-08,1.9999999997338868e-08
RELAX,26.380273580551147,8465.853342650233,1.9999999997338868e-08,1.9999999997338868e-08,1.9999999997338868e-08,1.9999999997338868e-08,1.9999999997338868e-08,1.9999999997338868e-08,1.9999999997338868e-08
RELAX,26.44493269920349,8465.853342650233,1.9999999997338868e-08,1.9999999997338868e-08,1.9999999997338868e-08,1.9999999997338868e-08,1.9999999997338868e-08,1.9999999997338868e-08,1.9999999997338868e-08
RELAX,26.502551317214966,8465.853342650233,1.9999999997338868e-08,1.9999999997338868e-08,1.9999999997338868e-08,1.9999999997338868e-08,1.9999999997338868e-08,1.9999999997338868e-08,1.9999999997338868e-08
RELAX,26.5659236907959,3621.1305791875006,1.9999999997338868e-08,1.9999999997338868e-08,1.9999999997338868e-08,1.9999999997338868e-08,1.9999999997338868e-08,1.9999999997338868e-08,1.9999999997338868e-08
RELAX,26.63081955909729,3621.1305791875006,1.9999999997338868e-08,1.9999999997338868e-08,1.9999999997338868e-08,1.9999999997338868e-08,1.9999999997338868e-08,1.9999999997338868e-08,1.9999999997338868e-08
RELAX,26.693721294403076,3621.1305791875006,1.9999999997338868e-08,1.9999999997338868e-08,1.9999999997338868e-08,1.9999999997338868e-08,1.9999999997338868e-08,1.9999999997338868e-08,1.9999999997338868e-08
RELAX,26.75575590133667,3621.1305791875006,1.9999999997338868e-08,1.9999999997338868e-08,1.9999999997338868e-08,1.9999999997338868e-08,1.9999999997338868e-08,1.9999999997338868e-08,1.9999999997338868e-08
RELAX,26.81765604019165,3621.1305791875006,1.9999999997338868e-08,1.9999999997338868e-08,1.9999999997338868e-08,1.9999999997338868e-08,1.9999999997338868e-08,1.9999999997338868e-08,1.9999999997338868e-08
RELAX,26.946048974990845,3621.1305791875006,1.9999999997338868e-08,1.9999999997338868e-08,1.9999999997338868e-08,1.9999999997338868e-08,1.9999999997338868e-08,1.9999999997338868e-08,1.9999999997338868e-08
RELAX,27.00501823425293,3621.1305791875006,1.9999999997338868e-08,1.9999999997338868e-08,1.9999999997338868e-08,1.9999999997338868e-08,1.9999999997338868e-08,1.9999999997338868e-08,1.9999999997338868e-08
RELAX,27.06677222251892,3924.969374635835,1.9999999997338868e-08,1.9999999997338868e-08,1.9999999997338868e-08,1.9999999997338868e-08,1.9999999997338868e-08,1.9999999997338868e-08,1.9999999997338868e-08
RELAX,27.12864065170288,3924.969374635835,1.9999999997338868e-08,1.9999999997338868e-08,1.9999999997338868e-08,1.9999999997338868e-08,1.9999999997338868e-08,1.9999999997338868e-08,1.9999999997338868e-08
RELAX,27.191551446914673,3924.969374635835,1.9999999997338868e-08,1.9999999997338868e-08,1.9999999997338868e-08,1.9999999997338868e-08,1.9999999997338868e-08,1.9999999997338868e-08,1.9999999997338868e-08
RELAX,27.256855726242065,3924.969374635835,1.9999999997338868e-08,1.9999999997338868e-08,1.9999999997338868e-08,1.9999999997338868e-08,1.9999999997338868e-08,1.9999999997338868e-08,1.9999999997338868e-08
RELAX,27.3188579082489,3924.969374635835,1.9999999997338868e-08,1.9999999997338868e-08,1.9999999997338868e-08,1.9999999997338868e-08,1.9999999997338868e-08,1.9999999997338868e-08,1.9999999997338868e-08
RELAX,27.381238222122192,3924.969374635835,1.9999999997338868e-08,1.9999999997338868e-08,1.9999999997338868e-08,1.9999999997338868e-08,1.9999999997338868e-08,1.9999999997338868e-08,1.9999999997338868e-08
RELAX,27.441803455352783,3924.969374635835,1.9999999997338868e-08,1.9999999997338868e-08,1.9999999997338868e-08,1.9999999997338868e-08,1.9999999997338868e-08,1.9999999997338868e-08,1.9999999997338868e-08
RELAX,27.50479221343994,3924.969374635835,1.9999999997338868e-08,1.9999999997338868e-08,1.9999999997338868e-08,1.9999999997338868e-08,1.9999999997338868e-08,1.9999999997338868e-08,1.9999999997338868e-08
RELAX,27.568246841430664,649.4368507060531,1.9999999997338868e-08,1.9999999997338868e-08,1.9999999997338868e-08,1.9999999997338868e-08,1.9999999997338868e-08,1.9999999997338868e-08,1.9999999997338868e-08
RELAX,27.631266832351685,649.4368507060531,1.9999999997338868e-08,1.9999999997338868e-08,1.9999999997338868e-08,1.9999999997338868e-08,1.9999999997338868e-08,1.9999999997338868e-08,1.9999999997338868e-08
RELAX,27.69476556777954,649.4368507060531,1.9999999997338868e-08,1.9999999997338868e-08,1.9999999997338868e-08,1.9999999997338868e-08,1.9999999997338868e-08,1.9999999997338868e-08,1.9999999997338868e-08
RELAX,27.75285315513611,649.4368507060531,1.9999999997338868e-08,1.9999999997338868e-08,1.9999999997338868e-08,1.9999999997338868e-08,1.9999999997338868e-08,1.9999999997338868e-08,1.9999999997338868e-08
RELAX,27.816837787628174,649.4368507060531,1.9999999997338868e-08,1.9999999997338868e-08,1.9999999997338868e-08,1.9999999997338868e-08,1.9999999997338868e-08,1.9999999997338868e-08,1.9999999997338868e-08
RELAX,27.880686283111572,649.4368507060531,1.9999999997338868e-08,1.9999999997338868e-08,1.9999999997338868e-08,1.9999999997338868e-08,1.9999999997338868e-08,1.9999999997338868e-08,1.9999999997338868e-08
RELAX,27.94113278388977,649.4368507060531,1.9999999997338868e-08,1.9999999997338868e-08,1.9999999997338868e-08,1.9999999997338868e-08,1.9999999997338868e-08,1.9999999997338868e-08,1.9999999997338868e-08
RELAX,28.00606107711792,2092.2009832760978,1.9999999997338868e-08,1.9999999997338868e-08,1.9999999997338868e-08,1.9999999997338868e-08,1.9999999997338868e-08,1.9999999997338868e-08,1.9999999997338868e-08
RELAX,28.06571102142334,2092.2009832760978,1.9999999997338868e-08,1.9999999997338868e-08,1.9999999997338868e-08,1.9999999997338868e-08,1.9999999997338868e-08,1.9999999997338868e-08,1.9999999997338868e-08
RELAX,28.131457567214966,2092.2009832760978,1.9999999997338868e-08,1.9999999997338868e-08,1.9999999997338868e-08,1.9999999997338868e-08,1.9999999997338868e-08,1.9999999997338868e-08,1.9999999997338868e-08
RELAX,28.191179037094116,2092.2009832760978,1.9999999997338868e-08,1.9999999997338868e-08,1.9999999997338868e-08,1.9999999997338868e-08,1.9999999997338868e-08,1.9999999997338868e-08,1.9999999997338868e-08
RELAX,28.25381064414978,2092.2009832760978,1.9999999997338868e-08,1.9999999997338868e-08,1.9999999997338868e-08,1.9999999997338868e-08,1.9999999997338868e-08,1.9999999997338868e-08,1.9999999997338868e-08
RELAX,28.31815266609192,2092.2009832760978,1.9999999997338868e-08,1.9999999997338868e-08,1.9999999997338868e-08,1.9999999997338868e-08,1.9999999997338868e-08,1.9999999997338868e-08,1.9999999997338868e-08
RELAX,28.381694078445435,2092.2009832760978,1.9999999997338868e-08,1.9999999997338868e-08,1.9999999997338868e-08,1.9999999997338868e-08,1.9999999997338868e-08,1.9999999997338868e-08,1.9999999997338868e-08
RELAX,28.446783781051636,2092.2009832760978,1.9999999997338868e-08,1.9999999997338868e-08,1.9999999997338868e-08,1.9999999997338868e-08,1.9999999997338868e-08,1.9999999997338868e-08,1.9999999997338868e-08
RELAX,28.50324034690857,4442.951746850883,1.9999999997338868e-08,1.9999999997338868e-08,1.9999999997338868e-08,1.9999999997338868e-08,1.9999999997338868e-08,1.9999999997338868e-08,1.9999999997338868e-08
RELAX,28.56763768196106,4442.951746850883,1.9999999997338868e-08,1.9999999997338868e-08,1.9999999997338868e-08,1.9999999997338868e-08,1.9999999997338868e-08,1.9999999997338868e-08,1.9999999997338868e-08
RELAX,28.629469394683838,4442.951746850883,1.9999999997338868e-08,1.9999999997338868e-08,1.9999999997338868e-08,1.9999999997338868e-08,1.9999999997338868e-08,1.9999999997338868e-08,1.9999999997338868e-08
RELAX,28.694294691085815,4442.951746850883,1.9999999997338868e-08,1.9999999997338868e-08,1.9999999997338868e-08,1.9999999997338868e-08,1.9999999997338868e-08,1.9999999997338868e-08,1.9999999997338868e-08
RELAX,28.755128622055054,4442.951746850883,1.9999999997338868e-08,1.9999999997338868e-08,1.9999999997338868e-08,1.9999999997338868e-08,1.9999999997338868e-08,1.9999999997338868e-08,1.9999999997338868e-08
RELAX,28.817962646484375,4442.951746850883,1.9999999997338868e-08,1.9999999997338868e-08,1.9999999997338868e-08,1.9999999997338868e-08,1.9999999997338868e-08,1.9999999997338868e-08,1.9999999997338868e-08
RELAX,28.88282322883606,4442.951746850883,1.9999999997338868e-08,1.9999999997338868e-08,1.9999999997338868e-08,1.9999999997338868e-08,1.9999999997338868e-08,1.9999999997338868e-08,1.9999999997338868e-08
RELAX,28.941014528274536,4442.951746850883,1.9999999997338868e-08,1.9999999997338868e-08,1.9999999997338868e-08,1.9999999997338868e-08,1.9999999997338868e-08,1.9999999997338868e-08,1.9999999997338868e-08
RELAX,29.00472927093506,1180.5195966883516,1.9999999997338868e-08,1.9999999997338868e-08,1.9999999997338868e-08,1.9999999997338868e-08,1.9999999997338868e-08,1.9999999997338868e-08,1.9999999997338868e-08
RELAX,29.068182706832886,1180.5195966883516,1.9999999997338868e-08,1.9999999997338868e-08,1.9999999997338868e-08,1.9999999997338868e-08,1.9999999997338868e-08,1.9999999997338868e-08,1.9999999997338868e-08
RELAX,29.13004779815674,1180.5195966883516,1.9999999997338868e-08,1.9999999997338868e-08,1.9999999997338868e-08,1.9999999997338868e-08,1.9999999997338868e-08,1.9999999997338868e-08,1.9999999997338868e-08
RELAX,29.19299340248108,1180.5195966883516,1.9999999997338868e-08,1.9999999997338868e-08,1.9999999997338868e-08,1.9999999997338868e-08,1.9999999997338868e-08,1.9999999997338868e-08,1.9999999997338868e-08
RELAX,29.254788875579834,1180.5195966883516,1.9999999997338868e-08,1.9999999997338868e-08,1.9999999997338868e-08,1.9999999997338868e-08,1.9999999997338868e-08,1.9999999997338868e-08,1.9999999997338868e-08
RELAX,29.31700563430786,1180.5195966883516,1.9999999997338868e-08,1.9999999997338868e-08,1.9999999997338868e-08,1.9999999997338868e-08,1.9999999997338868e-08,1.9999999997338868e-08,1.9999999997338868e-08
RELAX,29.382230758666992,1180.5195966883516,1.9999999997338868e-08,1.9999999997338868e-08,1.9999999997338868e-08,1.9999999997338868e-08,1.9999999997338868e-08,1.9999999997338868e-08,1.9999999997338868e-08
RELAX,29.443424463272095,1753.3777791604687,1.9999999997338868e-08,1.9999999997338868e-08,1.9999999997338868e-08,1.9999999997338868e-08,1.9999999997338868e-08,1.9999999997338868e-08,1.9999999997338868e-08
RELAX,29.506758451461792,1753.3777791604687,1.9999999997338868e-08,1.9999999997338868e-08,1.9999999997338868e-08,1.9999999997338868e-08,1.9999999997338868e-08,1.9999999997338868e-08,1.9999999997338868e-08
RELAX,29.56738805770874,1753.3777791604687,1.9999999997338868e-08,1.9999999997338868e-08,1.9999999997338868e-08,1.9999999997338868e-08,1.9999999997338868e-08,1.9999999997338868e-08,1.9999999997338868e-08
RELAX,29.63230013847351,1753.3777791604687,1.9999999997338868e-08,1.9999999997338868e-08,1.9999999997338868e-08,1.9999999997338868e-08,1.9999999997338868e-08,1.9999999997338868e-08,1.9999999997338868e-08
RELAX,29.692148447036743,1753.3777791604687,1.9999999997338868e-08,1.9999999997338868e-08,1.9999999997338868e-08,1.9999999997338868e-08,1.9999999997338868e-08,1.9999999997338868e-08,1.9999999997338868e-08
RELAX,29.75471329689026,1753.3777791604687,1.9999999997338868e-08,1.9999999997338868e-08,1.9999999997338868e-08,1.9999999997338868e-08,1.9999999997338868e-08,1.9999999997338868e-08,1.9999999997338868e-08
RELAX,29.819690465927124,1753.3777791604687,1.9999999997338868e-08,1.9999999997338868e-08,1.9999999997338868e-08,1.9999999997338868e-08,1.9999999997338868e-08,1.9999999997338868e-08,1.9999999997338868e-08
